[{
  "_id": {
    "$oid": "62463d81a72b5519212a6c89"
  },
  "index": 1,
  "cityname": "Abilene",
  "lat": 32.4487,
  "lon": -99.7331,
  "temperature": 294.32,
  "pressure": 1012,
  "humidity": 17
},{
  "_id": {
    "$oid": "62463d82a72b5519212a6c8a"
  },
  "index": 15,
  "cityname": "Arvada",
  "lat": 39.8028,
  "lon": -105.0875,
  "temperature": 288.75,
  "pressure": 992,
  "humidity": 20
},{
  "_id": {
    "$oid": "62463d83a72b5519212a6c8d"
  },
  "index": 50,
  "cityname": "Canton",
  "lat": 23.1167,
  "lon": 113.25,
  "temperature": 292.12,
  "pressure": 1021,
  "humidity": 70
},{
  "_id": {
    "$oid": "62463d83a72b5519212a6c8c"
  },
  "index": 39,
  "cityname": "Boulder",
  "lat": 40.0833,
  "lon": -105.3505,
  "temperature": 284.85,
  "pressure": 1009,
  "humidity": 18
},{
  "_id": {
    "$oid": "62463d83a72b5519212a6c8b"
  },
  "index": 21,
  "cityname": "Aurora",
  "lat": 39.7294,
  "lon": -104.8319,
  "temperature": 288.7,
  "pressure": 1006,
  "humidity": 19
},{
  "_id": {
    "$oid": "62463d83a72b5519212a6c8f"
  },
  "index": 4,
  "cityname": "Albuquerque",
  "lat": 35.0845,
  "lon": -106.6511,
  "temperature": 290.09,
  "pressure": 985,
  "humidity": 22
},{
  "_id": {
    "$oid": "62463d83a72b5519212a6c8e"
  },
  "index": 49,
  "cityname": "Cambridge",
  "lat": 43.3601,
  "lon": -80.3127,
  "temperature": 279.57,
  "pressure": 994,
  "humidity": 77
},{
  "_id": {
    "$oid": "62463d83a72b5519212a6c91"
  },
  "index": 78,
  "cityname": "Dallas",
  "lat": 32.7668,
  "lon": -96.7836,
  "temperature": 293.05,
  "pressure": 1012,
  "humidity": 22
},{
  "_id": {
    "$oid": "62463d83a72b5519212a6c90"
  },
  "index": 9,
  "cityname": "Anchorage",
  "lat": 61.2181,
  "lon": -149.9003,
  "temperature": 278.71,
  "pressure": 1005,
  "humidity": 57
},{
  "_id": {
    "$oid": "62463d83a72b5519212a6c93"
  },
  "index": 18,
  "cityname": "Atlanta",
  "lat": 33.749,
  "lon": -84.388,
  "temperature": 293.18,
  "pressure": 1007,
  "humidity": 38
},{
  "_id": {
    "$oid": "62463d83a72b5519212a6c94"
  },
  "index": 7,
  "cityname": "Amarillo",
  "lat": 35.222,
  "lon": -101.8313,
  "temperature": 291.44,
  "pressure": 1012,
  "humidity": 21
},{
  "_id": {
    "$oid": "62463d83a72b5519212a6c95"
  },
  "index": 43,
  "cityname": "Brighton",
  "lat": 50.8284,
  "lon": -0.1395,
  "temperature": 274.94,
  "pressure": 1011,
  "humidity": 74
},{
  "_id": {
    "$oid": "62463d83a72b5519212a6c92"
  },
  "index": 40,
  "cityname": "Bradenton",
  "lat": 27.4989,
  "lon": -82.5748,
  "temperature": 298.47,
  "pressure": 1010,
  "humidity": 72
},{
  "_id": {
    "$oid": "62463d83a72b5519212a6c96"
  },
  "index": 42,
  "cityname": "Bridgeport",
  "lat": 41.167,
  "lon": -73.2048,
  "temperature": 286.61,
  "pressure": 999,
  "humidity": 94
},{
  "_id": {
    "$oid": "62463d83a72b5519212a6c97"
  },
  "index": 53,
  "cityname": "Cary",
  "lat": 35.7915,
  "lon": -78.7811,
  "temperature": 293,
  "pressure": 998,
  "humidity": 88
},{
  "_id": {
    "$oid": "62463d83a72b5519212a6c98"
  },
  "index": 29,
  "cityname": "Bellevue",
  "lat": 47.6104,
  "lon": -122.2007,
  "temperature": 284.53,
  "pressure": 1022,
  "humidity": 60
},{
  "_id": {
    "$oid": "62463d83a72b5519212a6c99"
  },
  "index": 60,
  "cityname": "Chattanooga",
  "lat": 35.0456,
  "lon": -85.3097,
  "temperature": 285.99,
  "pressure": 1006,
  "humidity": 62
},{
  "_id": {
    "$oid": "62463d83a72b5519212a6c9b"
  },
  "index": 32,
  "cityname": "Billings",
  "lat": 45.7833,
  "lon": -108.5007,
  "temperature": 284.81,
  "pressure": 1011,
  "humidity": 30
},{
  "_id": {
    "$oid": "62463d83a72b5519212a6c9a"
  },
  "index": 6,
  "cityname": "Allentown",
  "lat": 40.6084,
  "lon": -75.4902,
  "temperature": 291.32,
  "pressure": 993,
  "humidity": 85
},{
  "_id": {
    "$oid": "62463d83a72b5519212a6c9c"
  },
  "index": 52,
  "cityname": "Carrollton",
  "lat": 32.9537,
  "lon": -96.8903,
  "temperature": 292.83,
  "pressure": 1012,
  "humidity": 27
},{
  "_id": {
    "$oid": "62463d83a72b5519212a6c9e"
  },
  "index": 85,
  "cityname": "Deltona",
  "lat": 28.9005,
  "lon": -81.2637,
  "temperature": 299.01,
  "pressure": 1011,
  "humidity": 75
},{
  "_id": {
    "$oid": "62463d83a72b5519212a6c9d"
  },
  "index": 25,
  "cityname": "Barnstable",
  "lat": 41.7001,
  "lon": -70.2995,
  "temperature": 286.43,
  "pressure": 1004,
  "humidity": 88
},{
  "_id": {
    "$oid": "62463d83a72b5519212a6ca0"
  },
  "index": 57,
  "cityname": "Chandler",
  "lat": 33.3062,
  "lon": -111.8412,
  "temperature": 300.41,
  "pressure": 1006,
  "humidity": 21
},{
  "_id": {
    "$oid": "62463d83a72b5519212a6c9f"
  },
  "index": 8,
  "cityname": "Anaheim",
  "lat": 33.8353,
  "lon": -117.9145,
  "temperature": 289.97,
  "pressure": 1010,
  "humidity": 72
},{
  "_id": {
    "$oid": "62463d83a72b5519212a6ca1"
  },
  "index": 27,
  "cityname": "Beaumont",
  "lat": 30.0861,
  "lon": -94.1019,
  "temperature": 296.85,
  "pressure": 1011,
  "humidity": 27
},{
  "_id": {
    "$oid": "62463d83a72b5519212a6ca2"
  },
  "index": 59,
  "cityname": "Charlotte",
  "lat": 35.2271,
  "lon": -80.8431,
  "temperature": 294.35,
  "pressure": 1003,
  "humidity": 61
},{
  "_id": {
    "$oid": "62463d83a72b5519212a6ca3"
  },
  "index": 62,
  "cityname": "Chicago",
  "lat": 41.85,
  "lon": -87.65,
  "temperature": 275.15,
  "pressure": 1003,
  "humidity": 81
},{
  "_id": {
    "$oid": "62463d83a72b5519212a6ca8"
  },
  "index": 82,
  "cityname": "Davidson County",
  "lat": 36.1501,
  "lon": -86.7833,
  "temperature": 285.18,
  "pressure": 1000,
  "humidity": 53
},{
  "_id": {
    "$oid": "62463d83a72b5519212a6ca7"
  },
  "index": 16,
  "cityname": "Asheville",
  "lat": 35.6009,
  "lon": -82.554,
  "temperature": 292.14,
  "pressure": 1003,
  "humidity": 42
},{
  "_id": {
    "$oid": "62463d83a72b5519212a6cab"
  },
  "index": 19,
  "cityname": "Atlantic City",
  "lat": 39.3643,
  "lon": -74.4229,
  "temperature": 287.81,
  "pressure": 1001,
  "humidity": 91
},{
  "_id": {
    "$oid": "62463d83a72b5519212a6ca5"
  },
  "index": 14,
  "cityname": "Arlington",
  "lat": 32.7357,
  "lon": -97.1081,
  "temperature": 293.05,
  "pressure": 1011,
  "humidity": 25
},{
  "_id": {
    "$oid": "62463d83a72b5519212a6ca9"
  },
  "index": 69,
  "cityname": "College Station",
  "lat": 30.628,
  "lon": -96.3344,
  "temperature": 295.17,
  "pressure": 1012,
  "humidity": 28
},{
  "_id": {
    "$oid": "62463d83a72b5519212a6ca6"
  },
  "index": 66,
  "cityname": "Clarksville",
  "lat": 36.5298,
  "lon": -87.3595,
  "temperature": 281.79,
  "pressure": 1007,
  "humidity": 66
},{
  "_id": {
    "$oid": "62463d83a72b5519212a6caa"
  },
  "index": 13,
  "cityname": "Appleton",
  "lat": 44.2619,
  "lon": -88.4154,
  "temperature": 273.15,
  "pressure": 1003,
  "humidity": 78
},{
  "_id": {
    "$oid": "62463d83a72b5519212a6ca4"
  },
  "index": 24,
  "cityname": "Baltimore",
  "lat": 39.2904,
  "lon": -76.6122,
  "temperature": 290.07,
  "pressure": 997,
  "humidity": 87
},{
  "_id": {
    "$oid": "62463d83a72b5519212a6cad"
  },
  "index": 58,
  "cityname": "Charleston",
  "lat": 32.7766,
  "lon": -79.9309,
  "temperature": 294.91,
  "pressure": 1006,
  "humidity": 89
},{
  "_id": {
    "$oid": "62463d83a72b5519212a6cae"
  },
  "index": 10,
  "cityname": "Ann Arbor",
  "lat": 42.2776,
  "lon": -83.7409,
  "temperature": 277.09,
  "pressure": 997,
  "humidity": 74
},{
  "_id": {
    "$oid": "62463d83a72b5519212a6caf"
  },
  "index": 30,
  "cityname": "Berkeley",
  "lat": 37.8716,
  "lon": -122.2728,
  "temperature": 290.28,
  "pressure": 1013,
  "humidity": 61
},{
  "_id": {
    "$oid": "62463d83a72b5519212a6cb0"
  },
  "index": 31,
  "cityname": "Bethlehem",
  "lat": -1.4558,
  "lon": -48.5044,
  "temperature": 300.17,
  "pressure": 1011,
  "humidity": 78
},{
  "_id": {
    "$oid": "62463d83a72b5519212a6cb1"
  },
  "index": 45,
  "cityname": "Bryan",
  "lat": 30.6744,
  "lon": -96.37,
  "temperature": 294,
  "pressure": 1013,
  "humidity": 30
},{
  "_id": {
    "$oid": "62463d83a72b5519212a6cb2"
  },
  "index": 37,
  "cityname": "Bonita Springs",
  "lat": 26.3398,
  "lon": -81.7787,
  "temperature": 299.92,
  "pressure": 1014,
  "humidity": 66
},{
  "_id": {
    "$oid": "62463d83a72b5519212a6cb3"
  },
  "index": 12,
  "cityname": "Apple Valley",
  "lat": 34.5008,
  "lon": -117.1859,
  "temperature": 291.27,
  "pressure": 1006,
  "humidity": 38
},{
  "_id": {
    "$oid": "62463d83a72b5519212a6cac"
  },
  "index": 28,
  "cityname": "Bel Air",
  "lat": -20.2542,
  "lon": 57.7453,
  "temperature": 298.99,
  "pressure": 1013,
  "humidity": 79
},{
  "_id": {
    "$oid": "62463d83a72b5519212a6cb4"
  },
  "index": 98,
  "cityname": "Erie",
  "lat": 42.7667,
  "lon": -78.6664,
  "temperature": 278.54,
  "pressure": 997,
  "humidity": 73
},{
  "_id": {
    "$oid": "62463d83a72b5519212a6cb6"
  },
  "index": 75,
  "cityname": "Corona",
  "lat": 33.8753,
  "lon": -117.5664,
  "temperature": 289.76,
  "pressure": 1011,
  "humidity": 68
},{
  "_id": {
    "$oid": "62463d83a72b5519212a6cb7"
  },
  "index": 22,
  "cityname": "Austin",
  "lat": 30.2672,
  "lon": -97.7431,
  "temperature": 296.04,
  "pressure": 1010,
  "humidity": 30
},{
  "_id": {
    "$oid": "62463d83a72b5519212a6cb9"
  },
  "index": 38,
  "cityname": "Boston",
  "lat": 42.3584,
  "lon": -71.0598,
  "temperature": 290.64,
  "pressure": 1001,
  "humidity": 81
},{
  "_id": {
    "$oid": "62463d83a72b5519212a6cb8"
  },
  "index": 71,
  "cityname": "Columbia",
  "lat": 34.0007,
  "lon": -81.0348,
  "temperature": 295.92,
  "pressure": 1005,
  "humidity": 54
},{
  "_id": {
    "$oid": "62463d83a72b5519212a6cb5"
  },
  "index": 63,
  "cityname": "Chula Vista",
  "lat": 32.64,
  "lon": -117.0842,
  "temperature": 289.44,
  "pressure": 1010,
  "humidity": 72
},{
  "_id": {
    "$oid": "62463d83a72b5519212a6cba"
  },
  "index": 64,
  "cityname": "Cincinnati",
  "lat": 39.162,
  "lon": -84.4569,
  "temperature": 278.59,
  "pressure": 999,
  "humidity": 75
},{
  "_id": {
    "$oid": "62463d83a72b5519212a6cbb"
  },
  "index": 73,
  "cityname": "Concord",
  "lat": 37.978,
  "lon": -122.0311,
  "temperature": 293.26,
  "pressure": 1012,
  "humidity": 47
},{
  "_id": {
    "$oid": "62463d83a72b5519212a6cbc"
  },
  "index": 99,
  "cityname": "Escondido",
  "lat": 33.1192,
  "lon": -117.0864,
  "temperature": 288.27,
  "pressure": 1008,
  "humidity": 76
},{
  "_id": {
    "$oid": "62463d83a72b5519212a6cbd"
  },
  "index": 23,
  "cityname": "Bakersfield",
  "lat": 35.3733,
  "lon": -119.0187,
  "temperature": 292.11,
  "pressure": 1010,
  "humidity": 53
},{
  "_id": {
    "$oid": "62463d83a72b5519212a6cbe"
  },
  "index": 91,
  "cityname": "Duluth",
  "lat": 46.7833,
  "lon": -92.1066,
  "temperature": 275.32,
  "pressure": 1005,
  "humidity": 49
},{
  "_id": {
    "$oid": "62463d83a72b5519212a6cbf"
  },
  "index": 87,
  "cityname": "Denver",
  "lat": 39.7392,
  "lon": -104.9847,
  "temperature": 288.9,
  "pressure": 1004,
  "humidity": 20
},{
  "_id": {
    "$oid": "62463d83a72b5519212a6cc0"
  },
  "index": 97,
  "cityname": "Elkhart",
  "lat": 41.5823,
  "lon": -85.8344,
  "temperature": 274.56,
  "pressure": 1001,
  "humidity": 88
},{
  "_id": {
    "$oid": "62463d83a72b5519212a6cc1"
  },
  "index": 47,
  "cityname": "Burbank",
  "lat": 34.1808,
  "lon": -118.309,
  "temperature": 289.48,
  "pressure": 1011,
  "humidity": 69
},{
  "_id": {
    "$oid": "62463d83a72b5519212a6cc3"
  },
  "index": 70,
  "cityname": "Colorado Springs",
  "lat": 38.8339,
  "lon": -104.8214,
  "temperature": 285.97,
  "pressure": 1007,
  "humidity": 24
},{
  "_id": {
    "$oid": "62463d83a72b5519212a6cc4"
  },
  "index": 83,
  "cityname": "Dayton",
  "lat": 39.7589,
  "lon": -84.1916,
  "temperature": 278.35,
  "pressure": 1004,
  "humidity": 75
},{
  "_id": {
    "$oid": "62463d83a72b5519212a6cc2"
  },
  "index": 56,
  "cityname": "Champaign",
  "lat": 40.1334,
  "lon": -88.2001,
  "temperature": 275.51,
  "pressure": 1001,
  "humidity": 84
},{
  "_id": {
    "$oid": "62463d83a72b5519212a6cc7"
  },
  "index": 35,
  "cityname": "Boise",
  "lat": 43.6135,
  "lon": -116.2035,
  "temperature": 284.77,
  "pressure": 1014,
  "humidity": 34
},{
  "_id": {
    "$oid": "62463d83a72b5519212a6cc6"
  },
  "index": 3,
  "cityname": "Albany",
  "lat": 42.6001,
  "lon": -73.9662,
  "temperature": 286.45,
  "pressure": 995,
  "humidity": 91
},{
  "_id": {
    "$oid": "62463d83a72b5519212a6cc8"
  },
  "index": 74,
  "cityname": "Coral Springs",
  "lat": 26.2712,
  "lon": -80.2706,
  "temperature": 299.12,
  "pressure": 1013,
  "humidity": 79
},{
  "_id": {
    "$oid": "62463d83a72b5519212a6cc5"
  },
  "index": 2,
  "cityname": "Akron",
  "lat": 41.0814,
  "lon": -81.519,
  "temperature": 279.8,
  "pressure": 997,
  "humidity": 68
},{
  "_id": {
    "$oid": "62463d83a72b5519212a6cc9"
  },
  "index": 90,
  "cityname": "Downey",
  "lat": 33.94,
  "lon": -118.1326,
  "temperature": 289.92,
  "pressure": 1011,
  "humidity": 70
},{
  "_id": {
    "$oid": "62463d83a72b5519212a6ccb"
  },
  "index": 46,
  "cityname": "Buffalo",
  "lat": 42.8865,
  "lon": -78.8784,
  "temperature": 278.81,
  "pressure": 996,
  "humidity": 75
},{
  "_id": {
    "$oid": "62463d83a72b5519212a6ccc"
  },
  "index": 61,
  "cityname": "Chesapeake",
  "lat": 36.819,
  "lon": -76.2749,
  "temperature": 294.08,
  "pressure": 1001,
  "humidity": 84
},{
  "_id": {
    "$oid": "62463d83a72b5519212a6ccd"
  },
  "index": 5,
  "cityname": "Alexandria",
  "lat": 31.2156,
  "lon": 29.9553,
  "temperature": 288.13,
  "pressure": 1016,
  "humidity": 63
},{
  "_id": {
    "$oid": "62463d83a72b5519212a6cce"
  },
  "index": 94,
  "cityname": "El Paso",
  "lat": 31.8001,
  "lon": -106.2005,
  "temperature": 294.35,
  "pressure": 1010,
  "humidity": 15
},{
  "_id": {
    "$oid": "62463d83a72b5519212a6ccf"
  },
  "index": 72,
  "cityname": "Columbus",
  "lat": 39.9612,
  "lon": -82.9988,
  "temperature": 279.03,
  "pressure": 1002,
  "humidity": 80
},{
  "_id": {
    "$oid": "62463d83a72b5519212a6cd1"
  },
  "index": 76,
  "cityname": "Corpus Christi",
  "lat": 27.8006,
  "lon": -97.3964,
  "temperature": 294.18,
  "pressure": 1010,
  "humidity": 64
},{
  "_id": {
    "$oid": "62463d83a72b5519212a6cd4"
  },
  "index": 86,
  "cityname": "Denton",
  "lat": 33.2001,
  "lon": -97.1336,
  "temperature": 292.51,
  "pressure": 1012,
  "humidity": 31
},{
  "_id": {
    "$oid": "62463d83a72b5519212a6cd0"
  },
  "index": 92,
  "cityname": "Durham",
  "lat": 36.0335,
  "lon": -78.8664,
  "temperature": 293.38,
  "pressure": 1005,
  "humidity": 88
},{
  "_id": {
    "$oid": "62463d83a72b5519212a6cd5"
  },
  "index": 80,
  "cityname": "Danbury",
  "lat": 41.3948,
  "lon": -73.454,
  "temperature": 287.49,
  "pressure": 999,
  "humidity": 89
},{
  "_id": {
    "$oid": "62463d83a72b5519212a6cd2"
  },
  "index": 89,
  "cityname": "Detroit",
  "lat": 42.3314,
  "lon": -83.0458,
  "temperature": 279.3,
  "pressure": 997,
  "humidity": 73
},{
  "_id": {
    "$oid": "62463d83a72b5519212a6cd3"
  },
  "index": 17,
  "cityname": "Athens",
  "lat": 37.9795,
  "lon": 23.7162,
  "temperature": 288.42,
  "pressure": 1007,
  "humidity": 83
},{
  "_id": {
    "$oid": "62463d83a72b5519212a6cca"
  },
  "index": 26,
  "cityname": "Baton Rouge",
  "lat": 30.4508,
  "lon": -91.1545,
  "temperature": 294.21,
  "pressure": 1011,
  "humidity": 32
},{
  "_id": {
    "$oid": "62463d83a72b5519212a6cd7"
  },
  "index": 33,
  "cityname": "Birmingham",
  "lat": 33.5207,
  "lon": -86.8025,
  "temperature": 288.83,
  "pressure": 1009,
  "humidity": 51
},{
  "_id": {
    "$oid": "62463d83a72b5519212a6cd8"
  },
  "index": 84,
  "cityname": "Daytona Beach",
  "lat": 29.2108,
  "lon": -81.0228,
  "temperature": 300.19,
  "pressure": 1011,
  "humidity": 61
},{
  "_id": {
    "$oid": "62463d84a72b5519212a6cda"
  },
  "index": 65,
  "cityname": "Clarke County",
  "lat": 33.9501,
  "lon": -83.3832,
  "temperature": 294.59,
  "pressure": 1008,
  "humidity": 60
},{
  "_id": {
    "$oid": "62463d84a72b5519212a6cdd"
  },
  "index": 95,
  "cityname": "Elizabeth",
  "lat": 40.664,
  "lon": -74.2107,
  "temperature": 290.86,
  "pressure": 999,
  "humidity": 82
},{
  "_id": {
    "$oid": "62463d84a72b5519212a6ce1"
  },
  "index": 96,
  "cityname": "Elk Grove",
  "lat": 38.4088,
  "lon": -121.3716,
  "temperature": 295.22,
  "pressure": 1011,
  "humidity": 33
},{
  "_id": {
    "$oid": "62463d84a72b5519212a6cd9"
  },
  "index": 81,
  "cityname": "Davenport",
  "lat": 41.5236,
  "lon": -90.5776,
  "temperature": 274.82,
  "pressure": 1006,
  "humidity": 80
},{
  "_id": {
    "$oid": "62463d84a72b5519212a6cdb"
  },
  "index": 48,
  "cityname": "Burlington",
  "lat": 39.8835,
  "lon": -74.6413,
  "temperature": 290.99,
  "pressure": 1000,
  "humidity": 84
},{
  "_id": {
    "$oid": "62463d84a72b5519212a6cdf"
  },
  "index": 55,
  "cityname": "Cedar Rapids",
  "lat": 42.0083,
  "lon": -91.6441,
  "temperature": 274,
  "pressure": 1002,
  "humidity": 77
},{
  "_id": {
    "$oid": "62463d84a72b5519212a6cdc"
  },
  "index": 20,
  "cityname": "Augusta",
  "lat": 48.3667,
  "lon": 10.8833,
  "temperature": 278.28,
  "pressure": 994,
  "humidity": 91
},{
  "_id": {
    "$oid": "62463d84a72b5519212a6ce2"
  },
  "index": 54,
  "cityname": "Cathedral City",
  "lat": 33.7797,
  "lon": -116.4653,
  "temperature": 298.96,
  "pressure": 1004,
  "humidity": 30
},{
  "_id": {
    "$oid": "62463d83a72b5519212a6cd6"
  },
  "index": 77,
  "cityname": "Costa Mesa",
  "lat": 33.6411,
  "lon": -117.9187,
  "temperature": 289.49,
  "pressure": 1011,
  "humidity": 76
},{
  "_id": {
    "$oid": "62463d84a72b5519212a6ce0"
  },
  "index": 93,
  "cityname": "El Monte",
  "lat": 34.0686,
  "lon": -118.0276,
  "temperature": 289.95,
  "pressure": 1011,
  "humidity": 73
},{
  "_id": {
    "$oid": "62463d84a72b5519212a6cde"
  },
  "index": 51,
  "cityname": "Cape Coral",
  "lat": 26.5629,
  "lon": -81.9495,
  "temperature": 299.17,
  "pressure": 1012,
  "humidity": 78
},{
  "_id": {
    "$oid": "62463d84a72b5519212a6ce7"
  },
  "index": 68,
  "cityname": "Cleveland",
  "lat": 41.4995,
  "lon": -81.6954,
  "temperature": 280.16,
  "pressure": 999,
  "humidity": 70
},{
  "_id": {
    "$oid": "62463d84a72b5519212a6ce4"
  },
  "index": 79,
  "cityname": "Daly City",
  "lat": 37.7058,
  "lon": -122.4619,
  "temperature": 287.45,
  "pressure": 1013,
  "humidity": 70
},{
  "_id": {
    "$oid": "62463d84a72b5519212a6ce5"
  },
  "index": 67,
  "cityname": "Clearwater",
  "lat": 27.9659,
  "lon": -82.8001,
  "temperature": 297.49,
  "pressure": 1011,
  "humidity": 81
},{
  "_id": {
    "$oid": "62463d84a72b5519212a6ce6"
  },
  "index": 41,
  "cityname": "Bremerton",
  "lat": 47.5673,
  "lon": -122.6326,
  "temperature": 284.91,
  "pressure": 1023,
  "humidity": 61
},{
  "_id": {
    "$oid": "62463d84a72b5519212a6ce9"
  },
  "index": 11,
  "cityname": "Antioch",
  "lat": 36.2066,
  "lon": 36.1572,
  "temperature": 284.05,
  "pressure": 1020,
  "humidity": 55
},{
  "_id": {
    "$oid": "62463d84a72b5519212a6ce8"
  },
  "index": 36,
  "cityname": "Boise City",
  "lat": 36.7295,
  "lon": -102.5132,
  "temperature": 289.49,
  "pressure": 1006,
  "humidity": 14
},{
  "_id": {
    "$oid": "62463d84a72b5519212a6cec"
  },
  "index": 44,
  "cityname": "Brownsville",
  "lat": 25.9018,
  "lon": -97.4975,
  "temperature": 296.55,
  "pressure": 1009,
  "humidity": 68
},{
  "_id": {
    "$oid": "62463d84a72b5519212a6ceb"
  },
  "index": 88,
  "cityname": "Des Moines",
  "lat": 41.6005,
  "lon": -93.6091,
  "temperature": 273.36,
  "pressure": 1009,
  "humidity": 77
},{
  "_id": {
    "$oid": "62463d84a72b5519212a6cea"
  },
  "index": 34,
  "cityname": "Bloomington",
  "lat": 44.8408,
  "lon": -93.2983,
  "temperature": 274.72,
  "pressure": 1006,
  "humidity": 59
},{
  "_id": {
    "$oid": "62463d84a72b5519212a6ce3"
  },
  "index": 0,
  "cityname": "Aberdeen",
  "lat": 57.1437,
  "lon": -2.0981,
  "temperature": 274.23,
  "pressure": 1020,
  "humidity": 93
},{
  "_id": {
    "$oid": "624642c75f5a2976314846ea"
  },
  "index": 100,
  "cityname": "Eugene",
  "lat": "44.052",
  "lon": "-123.086",
  "temperature": 13,
  "pressure": 1023,
  "humidity": 47
},{
  "_id": {
    "$oid": "624642d0319a93714dc372cf"
  },
  "index": 101,
  "cityname": "Evansville",
  "lat": "37.975",
  "lon": "-87.556",
  "temperature": 6,
  "pressure": 1009,
  "humidity": 75
},{
  "_id": {
    "$oid": "624642d892e3e603e91e722a"
  },
  "index": 102,
  "cityname": "Fairfield",
  "lat": "38.249",
  "lon": "-122.039",
  "temperature": 21,
  "pressure": 1013,
  "humidity": 38
},{
  "_id": {
    "$oid": "624642df125fc841f84ce508"
  },
  "index": 103,
  "cityname": "Fargo",
  "lat": "46.877",
  "lon": "-96.789",
  "temperature": 1,
  "pressure": 1010,
  "humidity": 64
},{
  "_id": {
    "$oid": "624642e8dd6fb6384f0e3490"
  },
  "index": 104,
  "cityname": "Fayetteville",
  "lat": "35.053",
  "lon": "-78.879",
  "temperature": 22,
  "pressure": 1003,
  "humidity": 76
},{
  "_id": {
    "$oid": "624642eed28bd0c4dd3cbcb8"
  },
  "index": 105,
  "cityname": "Fitchburg",
  "lat": "42.583",
  "lon": "-71.803",
  "temperature": 17,
  "pressure": 1000,
  "humidity": 72
},{
  "_id": {
    "$oid": "624642f4e909c1831af6d327"
  },
  "index": 106,
  "cityname": "Flint",
  "lat": "43.013",
  "lon": "-83.688",
  "temperature": 3,
  "pressure": 999,
  "humidity": 75
},{
  "_id": {
    "$oid": "624642fb3eb739b259a2e656"
  },
  "index": 107,
  "cityname": "Fontana",
  "lat": "34.092",
  "lon": "-117.434",
  "temperature": 18,
  "pressure": 1010,
  "humidity": 52
},{
  "_id": {
    "$oid": "62464301b713255b84b9d39f"
  },
  "index": 108,
  "cityname": "Fort Collins",
  "lat": "40.585",
  "lon": "-105.084",
  "temperature": 18,
  "pressure": 1006,
  "humidity": 14
},{
  "_id": {
    "$oid": "6246430749017c5e3767b8f2"
  },
  "index": 109,
  "cityname": "Fort Lauderdale",
  "lat": "26.122",
  "lon": "-80.144",
  "temperature": 26,
  "pressure": 1014,
  "humidity": 74
},{
  "_id": {
    "$oid": "6246430eb0e198a14b9deebe"
  },
  "index": 110,
  "cityname": "Fort Smith",
  "lat": "35.386",
  "lon": "-94.398",
  "temperature": 8,
  "pressure": 1013,
  "humidity": 53
},{
  "_id": {
    "$oid": "624643143d0f58f9d577b707"
  },
  "index": 111,
  "cityname": "Fort Walton Beach",
  "lat": "30.406",
  "lon": "-86.619",
  "temperature": 21,
  "pressure": 1009,
  "humidity": 68
},{
  "_id": {
    "$oid": "62464319d0eadb4b3d3531bd"
  },
  "index": 112,
  "cityname": "Fort Wayne",
  "lat": "41.131",
  "lon": "-85.129",
  "temperature": 3,
  "pressure": 1002,
  "humidity": 87
},{
  "_id": {
    "$oid": "6246431f8165e6f36dc13952"
  },
  "index": 113,
  "cityname": "Fort Worth",
  "lat": "32.725",
  "lon": "-97.321",
  "temperature": 19,
  "pressure": 1012,
  "humidity": 24
},{
  "_id": {
    "$oid": "6246432363f3bb43b5a6577c"
  },
  "index": 114,
  "cityname": "Frederick",
  "lat": "39.414",
  "lon": "-77.411",
  "temperature": 19,
  "pressure": 998,
  "humidity": 73
},{
  "_id": {
    "$oid": "624643282f75f9cda50bdb0f"
  },
  "index": 115,
  "cityname": "Fremont",
  "lat": "37.548",
  "lon": "-121.988",
  "temperature": 16,
  "pressure": 1014,
  "humidity": 60
},{
  "_id": {
    "$oid": "6246432ddda5d2f706c13044"
  },
  "index": 116,
  "cityname": "Fresno",
  "lat": "36.748",
  "lon": "-119.771",
  "temperature": 18,
  "pressure": 1013,
  "humidity": 54
},{
  "_id": {
    "$oid": "6246433526bcce90f209edc2"
  },
  "index": 117,
  "cityname": "Fullerton",
  "lat": "33.870",
  "lon": "-117.924",
  "temperature": 17,
  "pressure": 1011,
  "humidity": 65
},{
  "_id": {
    "$oid": "6246433a72e776be906de745"
  },
  "index": 118,
  "cityname": "Gainesville",
  "lat": "29.651",
  "lon": "-82.325",
  "temperature": 19,
  "pressure": 1012,
  "humidity": 93
},{
  "_id": {
    "$oid": "624643e27d4e96b79fdfffb3"
  },
  "index": 129,
  "cityname": "Greensboro",
  "lat": "36.073",
  "lon": "-79.792",
  "temperature": 21,
  "pressure": 1001,
  "humidity": 73
},{
  "_id": {
    "$oid": "624643e27d4e96b79fdfffb4"
  },
  "index": 158,
  "cityname": "Jackson",
  "lat": "30.332",
  "lon": "-81.656",
  "temperature": 20,
  "pressure": 1010,
  "humidity": 93
},{
  "_id": {
    "$oid": "624643e27d4e96b79fdfffb6"
  },
  "index": 155,
  "cityname": "Inglewood",
  "lat": "33.962",
  "lon": "-118.352",
  "temperature": 17,
  "pressure": 1011,
  "humidity": 68
},{
  "_id": {
    "$oid": "624643e27d4e96b79fdfffb7"
  },
  "index": 162,
  "cityname": "Johnson City",
  "lat": "36.313",
  "lon": "-82.354",
  "temperature": 19,
  "pressure": 1002,
  "humidity": 49
},{
  "_id": {
    "$oid": "624643e27d4e96b79fdfffb5"
  },
  "index": 161,
  "cityname": "Jersey City",
  "lat": "40.728",
  "lon": "-74.078",
  "temperature": 21,
  "pressure": 998,
  "humidity": 65
},{
  "_id": {
    "$oid": "624643e27d4e96b79fdfffb9"
  },
  "index": 141,
  "cityname": "Hesperia",
  "lat": "34.426",
  "lon": "-117.300",
  "temperature": 22,
  "pressure": 1009,
  "humidity": 22
},{
  "_id": {
    "$oid": "624643e27d4e96b79fdfffba"
  },
  "index": 138,
  "cityname": "Hayward",
  "lat": "37.669",
  "lon": "-122.080",
  "temperature": 16,
  "pressure": 1014,
  "humidity": 60
},{
  "_id": {
    "$oid": "624643e27d4e96b79fdfffbb"
  },
  "index": 179,
  "cityname": "Lansing",
  "lat": "42.733",
  "lon": "-84.556",
  "temperature": 3,
  "pressure": 999,
  "humidity": 70
},{
  "_id": {
    "$oid": "624643e27d4e96b79fdfffb8"
  },
  "index": 171,
  "cityname": "Kissimmee",
  "lat": "28.292",
  "lon": "-81.408",
  "temperature": 28,
  "pressure": 1012,
  "humidity": 60
},{
  "_id": {
    "$oid": "624643e27d4e96b79fdfffbd"
  },
  "index": 184,
  "cityname": "Leominster",
  "lat": "42.525",
  "lon": "-71.760",
  "temperature": 17,
  "pressure": 1000,
  "humidity": 72
},{
  "_id": {
    "$oid": "624643e27d4e96b79fdfffbe"
  },
  "index": 176,
  "cityname": "Lakeland",
  "lat": "54.500",
  "lon": "-3.167",
  "temperature": 0,
  "pressure": 1021,
  "humidity": 86
},{
  "_id": {
    "$oid": "624643e27d4e96b79fdfffbf"
  },
  "index": 136,
  "cityname": "Hartford",
  "lat": "41.764",
  "lon": "-72.686",
  "temperature": 16,
  "pressure": 1001,
  "humidity": 78
},{
  "_id": {
    "$oid": "624643e27d4e96b79fdfffc0"
  },
  "index": 148,
  "cityname": "Houston",
  "lat": "29.763",
  "lon": "-95.363",
  "temperature": 25,
  "pressure": 1011,
  "humidity": 21
},{
  "_id": {
    "$oid": "624643e27d4e96b79fdfffbc"
  },
  "index": 128,
  "cityname": "GreenBay",
  "lat": "37.132",
  "lon": "-78.307",
  "temperature": 21,
  "pressure": 998,
  "humidity": 68
},{
  "_id": {
    "$oid": "624643e27d4e96b79fdfffc2"
  },
  "index": 126,
  "cityname": "Grayslake",
  "lat": "42.344",
  "lon": "-88.042",
  "temperature": 2,
  "pressure": 1002,
  "humidity": 73
},{
  "_id": {
    "$oid": "624643e37d4e96b79fdfffc3"
  },
  "index": 197,
  "cityname": "Manchester",
  "lat": "53.483",
  "lon": "-2.250",
  "temperature": 2,
  "pressure": 1018,
  "humidity": 75
},{
  "_id": {
    "$oid": "624643e37d4e96b79fdfffc5"
  },
  "index": 181,
  "cityname": "Las Cruces",
  "lat": "32.312",
  "lon": "-106.778",
  "temperature": 22,
  "pressure": 1011,
  "humidity": 16
},{
  "_id": {
    "$oid": "624643e37d4e96b79fdfffc4"
  },
  "index": 150,
  "cityname": "Huntington",
  "lat": "33.660",
  "lon": "-117.998",
  "temperature": 17,
  "pressure": 1011,
  "humidity": 65
},{
  "_id": {
    "$oid": "624643e37d4e96b79fdfffc6"
  },
  "index": 182,
  "cityname": "Las Vegas",
  "lat": "36.175",
  "lon": "-115.136",
  "temperature": 24,
  "pressure": 1006,
  "humidity": 16
},{
  "_id": {
    "$oid": "624643e27d4e96b79fdfffc1"
  },
  "index": 163,
  "cityname": "Joliet",
  "lat": "41.525",
  "lon": "-88.082",
  "temperature": 3,
  "pressure": 1004,
  "humidity": 81
},{
  "_id": {
    "$oid": "624643e37d4e96b79fdfffc8"
  },
  "index": 140,
  "cityname": "Henderson",
  "lat": "36.040",
  "lon": "-114.981",
  "temperature": 28,
  "pressure": 1006,
  "humidity": 13
},{
  "_id": {
    "$oid": "624643e37d4e96b79fdfffc9"
  },
  "index": 172,
  "cityname": "Knoxville",
  "lat": "35.961",
  "lon": "-83.921",
  "temperature": 16,
  "pressure": 1005,
  "humidity": 55
},{
  "_id": {
    "$oid": "624643e37d4e96b79fdfffca"
  },
  "index": 196,
  "cityname": "Madison",
  "lat": "43.073",
  "lon": "-89.401",
  "temperature": 1,
  "pressure": 1003,
  "humidity": 72
},{
  "_id": {
    "$oid": "624643e37d4e96b79fdfffcb"
  },
  "index": 127,
  "cityname": "Green Bay",
  "lat": "44.519",
  "lon": "-88.020",
  "temperature": 1,
  "pressure": 1002,
  "humidity": 69
},{
  "_id": {
    "$oid": "624643e37d4e96b79fdfffcc"
  },
  "index": 131,
  "cityname": "Gulfport-Biloxi",
  "lat": "47.506",
  "lon": "-122.473",
  "temperature": 12,
  "pressure": 1022,
  "humidity": 41
},{
  "_id": {
    "$oid": "624643e37d4e96b79fdfffcd"
  },
  "index": 152,
  "cityname": "Huntsville",
  "lat": "34.730",
  "lon": "-86.586",
  "temperature": 13,
  "pressure": 1008,
  "humidity": 52
},{
  "_id": {
    "$oid": "624643e37d4e96b79fdfffc7"
  },
  "index": 187,
  "cityname": "Lincoln",
  "lat": "40.800",
  "lon": "-96.667",
  "temperature": 9,
  "pressure": 1010,
  "humidity": 30
},{
  "_id": {
    "$oid": "624643e37d4e96b79fdfffcf"
  },
  "index": 119,
  "cityname": "Garden Grove",
  "lat": "33.774",
  "lon": "-117.941",
  "temperature": 17,
  "pressure": 1011,
  "humidity": 65
},{
  "_id": {
    "$oid": "624643e37d4e96b79fdfffd0"
  },
  "index": 183,
  "cityname": "Layton",
  "lat": "41.060",
  "lon": "-111.970",
  "temperature": 8,
  "pressure": 1012,
  "humidity": 46
},{
  "_id": {
    "$oid": "624643e37d4e96b79fdfffd1"
  },
  "index": 144,
  "cityname": "High Point",
  "lat": "35.956",
  "lon": "-80.006",
  "temperature": 21,
  "pressure": 1000,
  "humidity": 61
},{
  "_id": {
    "$oid": "624643e37d4e96b79fdfffd3"
  },
  "index": 166,
  "cityname": "Kaneohe",
  "lat": "21.418",
  "lon": "-157.804",
  "temperature": 28,
  "pressure": 1019,
  "humidity": 55
},{
  "_id": {
    "$oid": "624643e37d4e96b79fdfffd2"
  },
  "index": 153,
  "cityname": "Independence",
  "lat": "39.091",
  "lon": "-94.415",
  "temperature": 3,
  "pressure": 1011,
  "humidity": 61
},{
  "_id": {
    "$oid": "624643e37d4e96b79fdfffd4"
  },
  "index": 156,
  "cityname": "Irvine",
  "lat": "33.669",
  "lon": "-117.822",
  "temperature": 17,
  "pressure": 1011,
  "humidity": 65
},{
  "_id": {
    "$oid": "624643e37d4e96b79fdfffd5"
  },
  "index": 154,
  "cityname": "Indianapolis",
  "lat": "39.768",
  "lon": "-86.158",
  "temperature": 3,
  "pressure": 1005,
  "humidity": 89
},{
  "_id": {
    "$oid": "624643e37d4e96b79fdfffce"
  },
  "index": 164,
  "cityname": "Kailua",
  "lat": "21.402",
  "lon": "-157.739",
  "temperature": 28,
  "pressure": 1019,
  "humidity": 55
},{
  "_id": {
    "$oid": "624643e37d4e96b79fdfffda"
  },
  "index": 194,
  "cityname": "Lubbock",
  "lat": "33.578",
  "lon": "-101.855",
  "temperature": 19,
  "pressure": 1012,
  "humidity": 13
},{
  "_id": {
    "$oid": "624643e37d4e96b79fdfffd9"
  },
  "index": 159,
  "cityname": "Jacksonville",
  "lat": "30.332",
  "lon": "-81.656",
  "temperature": 19,
  "pressure": 1010,
  "humidity": 93
},{
  "_id": {
    "$oid": "624643e37d4e96b79fdfffdb"
  },
  "index": 143,
  "cityname": "Hickory",
  "lat": "35.733",
  "lon": "-81.341",
  "temperature": 22,
  "pressure": 1001,
  "humidity": 44
},{
  "_id": {
    "$oid": "624643e37d4e96b79fdfffdd"
  },
  "index": 174,
  "cityname": "Lafayette",
  "lat": "30.224",
  "lon": "-92.020",
  "temperature": 22,
  "pressure": 1011,
  "humidity": 31
},{
  "_id": {
    "$oid": "624643e37d4e96b79fdfffdc"
  },
  "index": 175,
  "cityname": "Lake Charles",
  "lat": "30.226",
  "lon": "-93.217",
  "temperature": 23,
  "pressure": 1011,
  "humidity": 25
},{
  "_id": {
    "$oid": "624643e37d4e96b79fdfffd7"
  },
  "index": 121,
  "cityname": "Gastonia",
  "lat": "35.262",
  "lon": "-81.188",
  "temperature": 22,
  "pressure": 1002,
  "humidity": 57
},{
  "_id": {
    "$oid": "624643e37d4e96b79fdfffde"
  },
  "index": 142,
  "cityname": "Hialeah",
  "lat": "25.857",
  "lon": "-80.278",
  "temperature": 26,
  "pressure": 1014,
  "humidity": 69
},{
  "_id": {
    "$oid": "624643e37d4e96b79fdfffd6"
  },
  "index": 178,
  "cityname": "Lancaster",
  "lat": "34.698",
  "lon": "-118.136",
  "temperature": 21,
  "pressure": 1009,
  "humidity": 47
},{
  "_id": {
    "$oid": "624643e37d4e96b79fdfffd8"
  },
  "index": 146,
  "cityname": "Honolulu",
  "lat": "21.307",
  "lon": "-157.858",
  "temperature": 30,
  "pressure": 1019,
  "humidity": 52
},{
  "_id": {
    "$oid": "624643e37d4e96b79fdfffe0"
  },
  "index": 167,
  "cityname": "Kansas City",
  "lat": "39.114",
  "lon": "-94.627",
  "temperature": 3,
  "pressure": 1011,
  "humidity": 57
},{
  "_id": {
    "$oid": "624643e37d4e96b79fdfffe1"
  },
  "index": 123,
  "cityname": "Glendale",
  "lat": "33.539",
  "lon": "-112.185",
  "temperature": 28,
  "pressure": 1006,
  "humidity": 16
},{
  "_id": {
    "$oid": "624643e37d4e96b79fdfffe2"
  },
  "index": 169,
  "cityname": "Kenosha",
  "lat": "42.585",
  "lon": "-87.821",
  "temperature": 2,
  "pressure": 1002,
  "humidity": 73
},{
  "_id": {
    "$oid": "624643e37d4e96b79fdfffe3"
  },
  "index": 130,
  "cityname": "Greenville",
  "lat": "35.613",
  "lon": "-77.367",
  "temperature": 22,
  "pressure": 1003,
  "humidity": 94
},{
  "_id": {
    "$oid": "624643e37d4e96b79fdfffe7"
  },
  "index": 170,
  "cityname": "Killeen",
  "lat": "31.117",
  "lon": "-97.728",
  "temperature": 23,
  "pressure": 1012,
  "humidity": 23
},{
  "_id": {
    "$oid": "624643e37d4e96b79fdfffe6"
  },
  "index": 177,
  "cityname": "Lakewood",
  "lat": "39.705",
  "lon": "-105.081",
  "temperature": 17,
  "pressure": 1006,
  "humidity": 13
},{
  "_id": {
    "$oid": "624643e37d4e96b79fdfffe5"
  },
  "index": 124,
  "cityname": "Grand Prairie",
  "lat": "32.746",
  "lon": "-96.998",
  "temperature": 20,
  "pressure": 1012,
  "humidity": 22
},{
  "_id": {
    "$oid": "624643e37d4e96b79fdfffe4"
  },
  "index": 180,
  "cityname": "Laredo",
  "lat": "27.506",
  "lon": "-99.507",
  "temperature": 32,
  "pressure": 1008,
  "humidity": 16
},{
  "_id": {
    "$oid": "624643e37d4e96b79fdfffe8"
  },
  "index": 165,
  "cityname": "Kalamazoo",
  "lat": "42.292",
  "lon": "-85.587",
  "temperature": 2,
  "pressure": 1001,
  "humidity": 75
},{
  "_id": {
    "$oid": "624643e37d4e96b79fdfffdf"
  },
  "index": 173,
  "cityname": "Lacey",
  "lat": "47.034",
  "lon": "-122.822",
  "temperature": 12,
  "pressure": 1022,
  "humidity": 50
},{
  "_id": {
    "$oid": "624643e37d4e96b79fdfffea"
  },
  "index": 122,
  "cityname": "Gilbert",
  "lat": "33.353",
  "lon": "-111.788",
  "temperature": 26,
  "pressure": 1007,
  "humidity": 20
},{
  "_id": {
    "$oid": "624643e37d4e96b79fdfffeb"
  },
  "index": 149,
  "cityname": "Howell",
  "lat": "42.607",
  "lon": "-83.929",
  "temperature": 3,
  "pressure": 999,
  "humidity": 72
},{
  "_id": {
    "$oid": "624643e37d4e96b79fdfffec"
  },
  "index": 199,
  "cityname": "Marysville",
  "lat": "48.052",
  "lon": "-122.176",
  "temperature": 12,
  "pressure": 1023,
  "humidity": 52
},{
  "_id": {
    "$oid": "624643e37d4e96b79fdfffef"
  },
  "index": 147,
  "cityname": "Houma",
  "lat": "35.607",
  "lon": "111.346",
  "temperature": 8,
  "pressure": 1034,
  "humidity": 49
},{
  "_id": {
    "$oid": "624643e37d4e96b79fdffff1"
  },
  "index": 193,
  "cityname": "Lowell",
  "lat": "42.633",
  "lon": "-71.317",
  "temperature": 18,
  "pressure": 1002,
  "humidity": 76
},{
  "_id": {
    "$oid": "624643e37d4e96b79fdffff3"
  },
  "index": 133,
  "cityname": "Hampton",
  "lat": "37.030",
  "lon": "-76.346",
  "temperature": 20,
  "pressure": 1001,
  "humidity": 100
},{
  "_id": {
    "$oid": "624643e37d4e96b79fdfffee"
  },
  "index": 160,
  "cityname": "Jefferson",
  "lat": "38.577",
  "lon": "-92.173",
  "temperature": 3,
  "pressure": 1011,
  "humidity": 70
},{
  "_id": {
    "$oid": "624643e37d4e96b79fdffff2"
  },
  "index": 132,
  "cityname": "Hagerstown",
  "lat": "39.642",
  "lon": "-77.720",
  "temperature": 17,
  "pressure": 996,
  "humidity": 90
},{
  "_id": {
    "$oid": "624643e37d4e96b79fdfffed"
  },
  "index": 185,
  "cityname": "Lewisville",
  "lat": "33.046",
  "lon": "-96.994",
  "temperature": 20,
  "pressure": 1012,
  "humidity": 22
},{
  "_id": {
    "$oid": "624643e37d4e96b79fdffff0"
  },
  "index": 125,
  "cityname": "Grand Rapids",
  "lat": "42.963",
  "lon": "-85.668",
  "temperature": 1,
  "pressure": 1001,
  "humidity": 80
},{
  "_id": {
    "$oid": "624643e37d4e96b79fdfffe9"
  },
  "index": 186,
  "cityname": "Lexington",
  "lat": "38.050",
  "lon": "-84.459",
  "temperature": 7,
  "pressure": 1006,
  "humidity": 66
},{
  "_id": {
    "$oid": "624643e37d4e96b79fdffff5"
  },
  "index": 192,
  "cityname": "Louisville",
  "lat": "38.254",
  "lon": "-85.759",
  "temperature": 7,
  "pressure": 1007,
  "humidity": 73
},{
  "_id": {
    "$oid": "624643e37d4e96b79fdffff6"
  },
  "index": 168,
  "cityname": "Kennewick",
  "lat": "46.211",
  "lon": "-119.136",
  "temperature": 15,
  "pressure": 1019,
  "humidity": 27
},{
  "_id": {
    "$oid": "624643e37d4e96b79fdffff7"
  },
  "index": 135,
  "cityname": "Harrisburg",
  "lat": "40.274",
  "lon": "-76.885",
  "temperature": 15,
  "pressure": 997,
  "humidity": 81
},{
  "_id": {
    "$oid": "624643e37d4e96b79fdffff8"
  },
  "index": 139,
  "cityname": "Hemet",
  "lat": "33.748",
  "lon": "-116.971",
  "temperature": 19,
  "pressure": 1009,
  "humidity": 56
},{
  "_id": {
    "$oid": "624643e47d4e96b79fdffff9"
  },
  "index": 151,
  "cityname": "Huntington Beach",
  "lat": "33.660",
  "lon": "-117.998",
  "temperature": 17,
  "pressure": 1011,
  "humidity": 65
},{
  "_id": {
    "$oid": "624643e47d4e96b79fdffffb"
  },
  "index": 137,
  "cityname": "Havre de Grace",
  "lat": "39.549",
  "lon": "-76.092",
  "temperature": 19,
  "pressure": 998,
  "humidity": 80
},{
  "_id": {
    "$oid": "624643e47d4e96b79fdffffa"
  },
  "index": 198,
  "cityname": "Marina",
  "lat": "36.684",
  "lon": "-121.801",
  "temperature": 16,
  "pressure": 1014,
  "humidity": 62
},{
  "_id": {
    "$oid": "624643e47d4e96b79fdffffe"
  },
  "index": 190,
  "cityname": "Lorain",
  "lat": "41.453",
  "lon": "-82.183",
  "temperature": 7,
  "pressure": 999,
  "humidity": 63
},{
  "_id": {
    "$oid": "624643e47d4e96b79fdffffd"
  },
  "index": 134,
  "cityname": "Harlingen",
  "lat": "26.190",
  "lon": "-97.696",
  "temperature": 25,
  "pressure": 1009,
  "humidity": 60
},{
  "_id": {
    "$oid": "624643e47d4e96b79fdffffc"
  },
  "index": 157,
  "cityname": "Irving",
  "lat": "32.814",
  "lon": "-96.949",
  "temperature": 20,
  "pressure": 1012,
  "humidity": 22
},{
  "_id": {
    "$oid": "624643e47d4e96b79fdfffff"
  },
  "index": 189,
  "cityname": "Long Beach",
  "lat": "33.767",
  "lon": "-118.188",
  "temperature": 17,
  "pressure": 1011,
  "humidity": 67
},{
  "_id": {
    "$oid": "624643e37d4e96b79fdffff4"
  },
  "index": 120,
  "cityname": "Garland",
  "lat": "32.913",
  "lon": "-96.639",
  "temperature": 18,
  "pressure": 1012,
  "humidity": 27
},{
  "_id": {
    "$oid": "624643e57d4e96b79fe00001"
  },
  "index": 195,
  "cityname": "Macon",
  "lat": "32.841",
  "lon": "-83.633",
  "temperature": 25,
  "pressure": 1006,
  "humidity": 40
},{
  "_id": {
    "$oid": "624643e57d4e96b79fe00002"
  },
  "index": 188,
  "cityname": "Little Rock",
  "lat": "34.746",
  "lon": "-92.289",
  "temperature": 12,
  "pressure": 1011,
  "humidity": 44
},{
  "_id": {
    "$oid": "624643e57d4e96b79fe00003"
  },
  "index": 145,
  "cityname": "Hollywood",
  "lat": "26.011",
  "lon": "-80.150",
  "temperature": 26,
  "pressure": 1014,
  "humidity": 74
},{
  "_id": {
    "$oid": "624643e47d4e96b79fe00000"
  },
  "index": 191,
  "cityname": "Los Angeles",
  "lat": "34.052",
  "lon": "-118.243",
  "temperature": 17,
  "pressure": 1011,
  "humidity": 70
},{
  "_id": {
    "$oid": "62464ce8fc61909d8dd52b5d"
  },
  "index": 200,
  "cityname": "McAllen",
  "lat": 26.20341,
  "lon": -98.23001,
  "temperature": 26,
  "pressure": 1005.4,
  "humidity": 50
},{
  "_id": {
    "$oid": "62464d03bc6d09e4e2e4aff7"
  },
  "index": 209,
  "cityname": "Milwaukee",
  "lat": 43.0389,
  "lon": -87.90647,
  "temperature": -2.6,
  "pressure": 978.5,
  "humidity": 69
},{
  "_id": {
    "$oid": "62464d03bc6d09e4e2e4aff8"
  },
  "index": 201,
  "cityname": "McHenry",
  "lat": 42.33335,
  "lon": -88.26675,
  "temperature": -1.6,
  "pressure": 990.3,
  "humidity": 81
},{
  "_id": {
    "$oid": "62464d03bc6d09e4e2e4affa"
  },
  "index": 252,
  "cityname": "Omaha",
  "lat": 33.18068,
  "lon": -94.7441,
  "temperature": 15.2,
  "pressure": 998,
  "humidity": 37
},{
  "_id": {
    "$oid": "62464d03bc6d09e4e2e4affb"
  },
  "index": 250,
  "cityname": "Olathe",
  "lat": 38.8814,
  "lon": -94.81913,
  "temperature": 2.8,
  "pressure": 973.5,
  "humidity": 61
},{
  "_id": {
    "$oid": "62464d03bc6d09e4e2e4aff9"
  },
  "index": 207,
  "cityname": "Mesquite",
  "lat": 32.7668,
  "lon": -96.59916,
  "temperature": 19.9,
  "pressure": 995.1,
  "humidity": 24
},{
  "_id": {
    "$oid": "62464d03bc6d09e4e2e4affd"
  },
  "index": 235,
  "cityname": "Newport News",
  "lat": 37.08339,
  "lon": -76.46965,
  "temperature": 20.4,
  "pressure": 999.8,
  "humidity": 88
},{
  "_id": {
    "$oid": "62464d03bc6d09e4e2e4affe"
  },
  "index": 262,
  "cityname": "Panama City",
  "lat": 30.15946,
  "lon": -85.65983,
  "temperature": 20.4,
  "pressure": 1009.5,
  "humidity": 86
},{
  "_id": {
    "$oid": "62464d03bc6d09e4e2e4afff"
  },
  "index": 219,
  "cityname": "Murfreesboro",
  "lat": 34.06233,
  "lon": -93.6899,
  "temperature": 14,
  "pressure": 999.2,
  "humidity": 44
},{
  "_id": {
    "$oid": "62464d03bc6d09e4e2e4affc"
  },
  "index": 205,
  "cityname": "Merced",
  "lat": 37.30216,
  "lon": -120.48297,
  "temperature": 20.3,
  "pressure": 1004,
  "humidity": 45
},{
  "_id": {
    "$oid": "62464d03bc6d09e4e2e4b003"
  },
  "index": 241,
  "cityname": "North Port",
  "lat": 27.04422,
  "lon": -82.23593,
  "temperature": 26.3,
  "pressure": 1012,
  "humidity": 61
},{
  "_id": {
    "$oid": "62464d03bc6d09e4e2e4b001"
  },
  "index": 255,
  "cityname": "Orem",
  "lat": 40.2969,
  "lon": -111.69465,
  "temperature": 8.2,
  "pressure": 849,
  "humidity": 74
},{
  "_id": {
    "$oid": "62464d03bc6d09e4e2e4b002"
  },
  "index": 212,
  "cityname": "Mission Viejo",
  "lat": 33.60002,
  "lon": -117.672,
  "temperature": 14.4,
  "pressure": 993,
  "humidity": 81
},{
  "_id": {
    "$oid": "62464d03bc6d09e4e2e4b004"
  },
  "index": 257,
  "cityname": "Overland Park",
  "lat": 38.98223,
  "lon": -94.67079,
  "temperature": 2.2,
  "pressure": 974,
  "humidity": 65
},{
  "_id": {
    "$oid": "62464d03bc6d09e4e2e4b000"
  },
  "index": 214,
  "cityname": "Modesto",
  "lat": 37.6391,
  "lon": -120.99688,
  "temperature": 20.3,
  "pressure": 1008.2,
  "humidity": 37
},{
  "_id": {
    "$oid": "62464d03bc6d09e4e2e4b006"
  },
  "index": 213,
  "cityname": "Mobile",
  "lat": 30.69436,
  "lon": -88.04305,
  "temperature": 18,
  "pressure": 1009.6,
  "humidity": 51
},{
  "_id": {
    "$oid": "62464d04bc6d09e4e2e4b007"
  },
  "index": 286,
  "cityname": "Raleigh",
  "lat": 32.03349,
  "lon": -89.52229,
  "temperature": 15.6,
  "pressure": 998.7,
  "humidity": 42
},{
  "_id": {
    "$oid": "62464d04bc6d09e4e2e4b008"
  },
  "index": 292,
  "cityname": "Richmond",
  "lat": 39.82894,
  "lon": -84.89024,
  "temperature": -4.1,
  "pressure": 968,
  "humidity": 89
},{
  "_id": {
    "$oid": "62464d04bc6d09e4e2e4b00a"
  },
  "index": 264,
  "cityname": "Paterson",
  "lat": 40.91677,
  "lon": -74.17181,
  "temperature": 17.8,
  "pressure": 992,
  "humidity": 85
},{
  "_id": {
    "$oid": "62464d04bc6d09e4e2e4b009"
  },
  "index": 210,
  "cityname": "Minneapolis",
  "lat": 39.12194,
  "lon": -97.7067,
  "temperature": 10.2,
  "pressure": 975.7,
  "humidity": 37
},{
  "_id": {
    "$oid": "62464d03bc6d09e4e2e4b005"
  },
  "index": 217,
  "cityname": "Montgomery",
  "lat": 32.36681,
  "lon": -86.29997,
  "temperature": 17.2,
  "pressure": 1000,
  "humidity": 56
},{
  "_id": {
    "$oid": "62464d04bc6d09e4e2e4b00d"
  },
  "index": 261,
  "cityname": "Palmdale",
  "lat": 40.29787,
  "lon": -76.61858,
  "temperature": 14.4,
  "pressure": 979.5,
  "humidity": 90
},{
  "_id": {
    "$oid": "62464d04bc6d09e4e2e4b00e"
  },
  "index": 251,
  "cityname": "Olympia",
  "lat": 47.03787,
  "lon": -122.9007,
  "temperature": 12.2,
  "pressure": 1018,
  "humidity": 57
},{
  "_id": {
    "$oid": "62464d04bc6d09e4e2e4b00f"
  },
  "index": 272,
  "cityname": "Pomona",
  "lat": 39.47845,
  "lon": -74.57516,
  "temperature": 16.2,
  "pressure": 998.3,
  "humidity": 93
},{
  "_id": {
    "$oid": "62464d04bc6d09e4e2e4b010"
  },
  "index": 295,
  "cityname": "Roanoke",
  "lat": 33.15123,
  "lon": -85.37217,
  "temperature": 15.6,
  "pressure": 979,
  "humidity": 55
},{
  "_id": {
    "$oid": "62464d04bc6d09e4e2e4b011"
  },
  "index": 249,
  "cityname": "Oklahoma City",
  "lat": 35.46756,
  "lon": -97.51643,
  "temperature": 12.8,
  "pressure": 966.5,
  "humidity": 42
},{
  "_id": {
    "$oid": "62464d04bc6d09e4e2e4b00b"
  },
  "index": 254,
  "cityname": "Orange",
  "lat": 30.09299,
  "lon": -93.73655,
  "temperature": 21,
  "pressure": 1010.5,
  "humidity": 34
},{
  "_id": {
    "$oid": "62464d04bc6d09e4e2e4b013"
  },
  "index": 229,
  "cityname": "New London",
  "lat": 39.58532,
  "lon": -91.40098,
  "temperature": -1.5,
  "pressure": 980.9,
  "humidity": 74
},{
  "_id": {
    "$oid": "62464d04bc6d09e4e2e4b014"
  },
  "index": 270,
  "cityname": "Pittsburgh",
  "lat": 40.44062,
  "lon": -79.99589,
  "temperature": 12.4,
  "pressure": 971.6,
  "humidity": 62
},{
  "_id": {
    "$oid": "62464d04bc6d09e4e2e4b015"
  },
  "index": 277,
  "cityname": "Port St. Lucie",
  "lat": 27.29393,
  "lon": -80.35033,
  "temperature": 25.4,
  "pressure": 1011,
  "humidity": 68
},{
  "_id": {
    "$oid": "62464d04bc6d09e4e2e4b016"
  },
  "index": 204,
  "cityname": "Memphis",
  "lat": 27.53587,
  "lon": -82.56121,
  "temperature": 25.6,
  "pressure": 1011.5,
  "humidity": 88
},{
  "_id": {
    "$oid": "62464d04bc6d09e4e2e4b012"
  },
  "index": 281,
  "cityname": "Providence",
  "lat": 38.57451,
  "lon": -85.22107,
  "temperature": -0.3,
  "pressure": 977.5,
  "humidity": 93
},{
  "_id": {
    "$oid": "62464d04bc6d09e4e2e4b017"
  },
  "index": 265,
  "cityname": "Pembroke Pines",
  "lat": 26.00315,
  "lon": -80.22394,
  "temperature": 26.2,
  "pressure": 1012.5,
  "humidity": 76
},{
  "_id": {
    "$oid": "62464d04bc6d09e4e2e4b018"
  },
  "index": 244,
  "cityname": "Oakland",
  "lat": 28.555,
  "lon": -81.63313,
  "temperature": 21.4,
  "pressure": 1009,
  "humidity": 94
},{
  "_id": {
    "$oid": "62464d04bc6d09e4e2e4b019"
  },
  "index": 225,
  "cityname": "Nashua",
  "lat": 42.95275,
  "lon": -92.5363,
  "temperature": -6.3,
  "pressure": 967.9,
  "humidity": 85
},{
  "_id": {
    "$oid": "62464d04bc6d09e4e2e4b01b"
  },
  "index": 224,
  "cityname": "Naples",
  "lat": 26.14234,
  "lon": -81.79596,
  "temperature": 28.8,
  "pressure": 1012.5,
  "humidity": 69
},{
  "_id": {
    "$oid": "62464d04bc6d09e4e2e4b01e"
  },
  "index": 220,
  "cityname": "Murrieta",
  "lat": 33.55391,
  "lon": -117.21392,
  "temperature": 14.4,
  "pressure": 967.5,
  "humidity": 79
},{
  "_id": {
    "$oid": "62464d04bc6d09e4e2e4b01d"
  },
  "index": 269,
  "cityname": "Phoenix",
  "lat": 41.61115,
  "lon": -87.63477,
  "temperature": 1.8,
  "pressure": 982.1,
  "humidity": 78
},{
  "_id": {
    "$oid": "62464d04bc6d09e4e2e4b01f"
  },
  "index": 293,
  "cityname": "Richmond County",
  "lat": 33.47097,
  "lon": -81.97484,
  "temperature": 20.2,
  "pressure": 1000.5,
  "humidity": 78
},{
  "_id": {
    "$oid": "62464d04bc6d09e4e2e4b01c"
  },
  "index": 246,
  "cityname": "Oceanside",
  "lat": 40.63871,
  "lon": -73.64013,
  "temperature": 11.7,
  "pressure": 998.5,
  "humidity": 95
},{
  "_id": {
    "$oid": "62464d04bc6d09e4e2e4b01a"
  },
  "index": 221,
  "cityname": "Muskegon",
  "lat": 43.23418,
  "lon": -86.24839,
  "temperature": -2.8,
  "pressure": 978.9,
  "humidity": 74
},{
  "_id": {
    "$oid": "62464d04bc6d09e4e2e4b020"
  },
  "index": 234,
  "cityname": "Newburgh",
  "lat": 37.94449,
  "lon": -87.40529,
  "temperature": 3.6,
  "pressure": 995.1,
  "humidity": 93
},{
  "_id": {
    "$oid": "62464d04bc6d09e4e2e4b022"
  },
  "index": 283,
  "cityname": "Pueblo",
  "lat": 38.25445,
  "lon": -104.60914,
  "temperature": 16.1,
  "pressure": 845,
  "humidity": 19
},{
  "_id": {
    "$oid": "62464d04bc6d09e4e2e4b021"
  },
  "index": 291,
  "cityname": "Richland",
  "lat": 32.08793,
  "lon": -84.66742,
  "temperature": 19.2,
  "pressure": 987.5,
  "humidity": 43.1875
},{
  "_id": {
    "$oid": "62464d04bc6d09e4e2e4b024"
  },
  "index": 233,
  "cityname": "Newark",
  "lat": 35.70174,
  "lon": -91.44152,
  "temperature": 5.9,
  "pressure": 1003.5,
  "humidity": 68
},{
  "_id": {
    "$oid": "62464d04bc6d09e4e2e4b027"
  },
  "index": 242,
  "cityname": "Norwalk",
  "lat": 41.1176,
  "lon": -73.4079,
  "temperature": 14.4,
  "pressure": 995.5,
  "humidity": 95
},{
  "_id": {
    "$oid": "62464d04bc6d09e4e2e4b026"
  },
  "index": 267,
  "cityname": "Peoria",
  "lat": 40.69365,
  "lon": -89.58899,
  "temperature": 0.1,
  "pressure": 987,
  "humidity": 63
},{
  "_id": {
    "$oid": "62464d04bc6d09e4e2e4b025"
  },
  "index": 258,
  "cityname": "Oxnard",
  "lat": 34.1975,
  "lon": -119.17705,
  "temperature": 14,
  "pressure": 1008.9,
  "humidity": 82
},{
  "_id": {
    "$oid": "62464d04bc6d09e4e2e4b028"
  },
  "index": 297,
  "cityname": "Rockford",
  "lat": 32.88957,
  "lon": -86.21969,
  "temperature": 15,
  "pressure": 984.5,
  "humidity": 49
},{
  "_id": {
    "$oid": "62464d04bc6d09e4e2e4b029"
  },
  "index": 211,
  "cityname": "Miramar",
  "lat": 25.98731,
  "lon": -80.23227,
  "temperature": 25.6,
  "pressure": 1014.6,
  "humidity": 78
},{
  "_id": {
    "$oid": "62464d04bc6d09e4e2e4b02a"
  },
  "index": 256,
  "cityname": "Orlando",
  "lat": 28.53834,
  "lon": -81.37924,
  "temperature": 24.5,
  "pressure": 1008.6,
  "humidity": 78
},{
  "_id": {
    "$oid": "62464d04bc6d09e4e2e4b023"
  },
  "index": 268,
  "cityname": "Philadelphia",
  "lat": 32.77152,
  "lon": -89.11673,
  "temperature": 15.6,
  "pressure": 999,
  "humidity": 39
},{
  "_id": {
    "$oid": "62464d04bc6d09e4e2e4b02b"
  },
  "index": 222,
  "cityname": "Myrtle Beach",
  "lat": 33.68906,
  "lon": -78.88669,
  "temperature": 22.6,
  "pressure": 1006.2,
  "humidity": 88
},{
  "_id": {
    "$oid": "62464d04bc6d09e4e2e4b02c"
  },
  "index": 247,
  "cityname": "Odessa",
  "lat": 28.1939,
  "lon": -82.59176,
  "temperature": 23.9,
  "pressure": 1010,
  "humidity": 89
},{
  "_id": {
    "$oid": "62464d04bc6d09e4e2e4b02e"
  },
  "index": 227,
  "cityname": "New Bedford",
  "lat": 41.63622,
  "lon": -70.93421,
  "temperature": 14,
  "pressure": 999.4,
  "humidity": 93
},{
  "_id": {
    "$oid": "62464d04bc6d09e4e2e4b02f"
  },
  "index": 274,
  "cityname": "Port Arthur",
  "lat": 29.88519,
  "lon": -93.94233,
  "temperature": 21.3,
  "pressure": 1010.5,
  "humidity": 35
},{
  "_id": {
    "$oid": "62464d04bc6d09e4e2e4b030"
  },
  "index": 266,
  "cityname": "Pensacola",
  "lat": 30.42131,
  "lon": -87.21691,
  "temperature": 21.6,
  "pressure": 1008.6,
  "humidity": 73
},{
  "_id": {
    "$oid": "62464d04bc6d09e4e2e4b031"
  },
  "index": 248,
  "cityname": "Ogden",
  "lat": 39.11111,
  "lon": -96.70612,
  "temperature": 9,
  "pressure": 972.2,
  "humidity": 31
},{
  "_id": {
    "$oid": "62464d04bc6d09e4e2e4b032"
  },
  "index": 299,
  "cityname": "Round Lake Beach",
  "lat": 42.37169,
  "lon": -88.09008,
  "temperature": -2.5,
  "pressure": 975.5,
  "humidity": 89
},{
  "_id": {
    "$oid": "62464d04bc6d09e4e2e4b033"
  },
  "index": 238,
  "cityname": "Norman",
  "lat": 35.22257,
  "lon": -97.43948,
  "temperature": 13.4,
  "pressure": 969.7,
  "humidity": 36
},{
  "_id": {
    "$oid": "62464d04bc6d09e4e2e4b034"
  },
  "index": 202,
  "cityname": "Medford",
  "lat": 36.80697,
  "lon": -97.73366,
  "temperature": 10.6,
  "pressure": 975.2,
  "humidity": 60
},{
  "_id": {
    "$oid": "62464d04bc6d09e4e2e4b02d"
  },
  "index": 294,
  "cityname": "Riverside",
  "lat": 33.60621,
  "lon": -86.20442,
  "temperature": 14.4,
  "pressure": 992,
  "humidity": 60
},{
  "_id": {
    "$oid": "62464d04bc6d09e4e2e4b035"
  },
  "index": 284,
  "cityname": "Punta Gorda",
  "lat": 26.92978,
  "lon": -82.04537,
  "temperature": 26.7,
  "pressure": 1012.1,
  "humidity": 72
},{
  "_id": {
    "$oid": "62464d04bc6d09e4e2e4b036"
  },
  "index": 208,
  "cityname": "Miami",
  "lat": 25.77427,
  "lon": -80.19366,
  "temperature": 25.6,
  "pressure": 1014.3,
  "humidity": 78
},{
  "_id": {
    "$oid": "62464d04bc6d09e4e2e4b037"
  },
  "index": 231,
  "cityname": "New York",
  "lat": 40.71427,
  "lon": -74.00597,
  "temperature": 17.7,
  "pressure": 997.6,
  "humidity": 81
},{
  "_id": {
    "$oid": "62464d04bc6d09e4e2e4b039"
  },
  "index": 218,
  "cityname": "Moreno Valley",
  "lat": 33.93752,
  "lon": -117.23059,
  "temperature": 16.7,
  "pressure": 949,
  "humidity": 67
},{
  "_id": {
    "$oid": "62464d04bc6d09e4e2e4b03a"
  },
  "index": 282,
  "cityname": "Provo",
  "lat": 40.23384,
  "lon": -111.65853,
  "temperature": 9.4,
  "pressure": 850.4,
  "humidity": 45
},{
  "_id": {
    "$oid": "62464d04bc6d09e4e2e4b03b"
  },
  "index": 296,
  "cityname": "Rochester",
  "lat": 39.74949,
  "lon": -89.53176,
  "temperature": -0.6,
  "pressure": 986.5,
  "humidity": 82
},{
  "_id": {
    "$oid": "62464d04bc6d09e4e2e4b03c"
  },
  "index": 273,
  "cityname": "Pompano Beach",
  "lat": 26.23786,
  "lon": -80.12477,
  "temperature": 26.6,
  "pressure": 1013.4,
  "humidity": 73
},{
  "_id": {
    "$oid": "62464d04bc6d09e4e2e4b03d"
  },
  "index": 239,
  "cityname": "North Charleston",
  "lat": 32.85462,
  "lon": -79.97481,
  "temperature": 22.2,
  "pressure": 1005.6,
  "humidity": 83
},{
  "_id": {
    "$oid": "62464d04bc6d09e4e2e4b03f"
  },
  "index": 280,
  "cityname": "Poughkeepsie",
  "lat": 41.70037,
  "lon": -73.92097,
  "temperature": 15.6,
  "pressure": 989,
  "humidity": 79
},{
  "_id": {
    "$oid": "62464d04bc6d09e4e2e4b03e"
  },
  "index": 287,
  "cityname": "Rancho Cucamonga",
  "lat": 34.1064,
  "lon": -117.59311,
  "temperature": 15.5,
  "pressure": 973.8,
  "humidity": 74
},{
  "_id": {
    "$oid": "62464d04bc6d09e4e2e4b042"
  },
  "index": 228,
  "cityname": "New Haven",
  "lat": 38.60838,
  "lon": -91.21904,
  "temperature": -0.5,
  "pressure": 987.7,
  "humidity": 100
},{
  "_id": {
    "$oid": "62464d04bc6d09e4e2e4b041"
  },
  "index": 230,
  "cityname": "New Orleans",
  "lat": 29.95465,
  "lon": -90.07507,
  "temperature": 20.2,
  "pressure": 1010.5,
  "humidity": 40
},{
  "_id": {
    "$oid": "62464d04bc6d09e4e2e4b040"
  },
  "index": 276,
  "cityname": "Port Saint Lucie",
  "lat": 27.29393,
  "lon": -80.35033,
  "temperature": 25.4,
  "pressure": 1011,
  "humidity": 68
},{
  "_id": {
    "$oid": "62464d04bc6d09e4e2e4b038"
  },
  "index": 243,
  "cityname": "Norwich",
  "lat": 41.52426,
  "lon": -72.07591,
  "temperature": 15.6,
  "pressure": 996.1,
  "humidity": 87
},{
  "_id": {
    "$oid": "62464d04bc6d09e4e2e4b043"
  },
  "index": 216,
  "cityname": "Monterey",
  "lat": 36.14756,
  "lon": -85.2683,
  "temperature": 5.1,
  "pressure": 940.5,
  "humidity": 75
},{
  "_id": {
    "$oid": "62464d04bc6d09e4e2e4b045"
  },
  "index": 236,
  "cityname": "Norfolk",
  "lat": 36.84681,
  "lon": -76.28522,
  "temperature": 20.4,
  "pressure": 1001,
  "humidity": 90
},{
  "_id": {
    "$oid": "62464d04bc6d09e4e2e4b046"
  },
  "index": 285,
  "cityname": "Racine",
  "lat": 42.72613,
  "lon": -87.78285,
  "temperature": -1.9,
  "pressure": 979.1,
  "humidity": 86
},{
  "_id": {
    "$oid": "62464d04bc6d09e4e2e4b049"
  },
  "index": 240,
  "cityname": "North Las Vegas",
  "lat": 36.19886,
  "lon": -115.1175,
  "temperature": 25,
  "pressure": 942.3,
  "humidity": 14
},{
  "_id": {
    "$oid": "62464d04bc6d09e4e2e4b047"
  },
  "index": 215,
  "cityname": "Monroe",
  "lat": 33.79484,
  "lon": -83.71323,
  "temperature": 19,
  "pressure": 976.3,
  "humidity": 47
},{
  "_id": {
    "$oid": "62464d04bc6d09e4e2e4b04a"
  },
  "index": 232,
  "cityname": "New York City",
  "lat": 40.71427,
  "lon": -74.00597,
  "temperature": 17.7,
  "pressure": 997.6,
  "humidity": 81
},{
  "_id": {
    "$oid": "62464d04bc6d09e4e2e4b048"
  },
  "index": 237,
  "cityname": "Normal",
  "lat": 40.5142,
  "lon": -88.99063,
  "temperature": -3.1,
  "pressure": 975.5,
  "humidity": 78
},{
  "_id": {
    "$oid": "62464d04bc6d09e4e2e4b04c"
  },
  "index": 203,
  "cityname": "Melbourne",
  "lat": 36.05951,
  "lon": -91.90848,
  "temperature": 2,
  "pressure": 987,
  "humidity": 73
},{
  "_id": {
    "$oid": "62464d04bc6d09e4e2e4b04f"
  },
  "index": 253,
  "cityname": "Ontario",
  "lat": 43.2209,
  "lon": -77.28304,
  "temperature": 10,
  "pressure": 981.5,
  "humidity": 70
},{
  "_id": {
    "$oid": "62464d04bc6d09e4e2e4b04b"
  },
  "index": 271,
  "cityname": "Plano",
  "lat": 36.88032,
  "lon": -86.41832,
  "temperature": 8,
  "pressure": 988.6,
  "humidity": 65
},{
  "_id": {
    "$oid": "62464d04bc6d09e4e2e4b050"
  },
  "index": 279,
  "cityname": "Portsmouth",
  "lat": 38.73174,
  "lon": -82.99767,
  "temperature": 7.8,
  "pressure": 976.5,
  "humidity": 70
},{
  "_id": {
    "$oid": "62464d04bc6d09e4e2e4b04e"
  },
  "index": 275,
  "cityname": "Port Orange",
  "lat": 29.13832,
  "lon": -80.99561,
  "temperature": 21.6,
  "pressure": 1011.9,
  "humidity": 86
},{
  "_id": {
    "$oid": "62464d04bc6d09e4e2e4b04d"
  },
  "index": 223,
  "cityname": "Naperville",
  "lat": 41.78586,
  "lon": -88.14729,
  "temperature": -1.6,
  "pressure": 977.5,
  "humidity": 85
},{
  "_id": {
    "$oid": "62464d04bc6d09e4e2e4b044"
  },
  "index": 289,
  "cityname": "Redding",
  "lat": 40.58654,
  "lon": -122.39168,
  "temperature": 21.1,
  "pressure": 988.5,
  "humidity": 15.5
},{
  "_id": {
    "$oid": "62464d04bc6d09e4e2e4b052"
  },
  "index": 278,
  "cityname": "Portland",
  "lat": 36.58171,
  "lon": -86.51638,
  "temperature": 5.7,
  "pressure": 977.9,
  "humidity": 81
},{
  "_id": {
    "$oid": "62464d04bc6d09e4e2e4b053"
  },
  "index": 226,
  "cityname": "Nashville",
  "lat": 33.94567,
  "lon": -93.84713,
  "temperature": 14,
  "pressure": 999.2,
  "humidity": 44
},{
  "_id": {
    "$oid": "62464d04bc6d09e4e2e4b054"
  },
  "index": 288,
  "cityname": "Reading",
  "lat": 39.22367,
  "lon": -84.44216,
  "temperature": 0.3,
  "pressure": 979,
  "humidity": 88
},{
  "_id": {
    "$oid": "62464d04bc6d09e4e2e4b055"
  },
  "index": 263,
  "cityname": "Pasadena",
  "lat": 39.10733,
  "lon": -76.57108,
  "temperature": 14.4,
  "pressure": 993.5,
  "humidity": 92
},{
  "_id": {
    "$oid": "62464d04bc6d09e4e2e4b056"
  },
  "index": 260,
  "cityname": "Palm Springs",
  "lat": 26.6359,
  "lon": -80.09615,
  "temperature": 26.1,
  "pressure": 1013.1,
  "humidity": 76
},{
  "_id": {
    "$oid": "62464d04bc6d09e4e2e4b058"
  },
  "index": 290,
  "cityname": "Reno",
  "lat": 39.37285,
  "lon": -81.39567,
  "temperature": 10,
  "pressure": 971.9,
  "humidity": 57
},{
  "_id": {
    "$oid": "62464d04bc6d09e4e2e4b057"
  },
  "index": 206,
  "cityname": "Mesa",
  "lat": 33.42227,
  "lon": -111.82264,
  "temperature": 25.7,
  "pressure": 962.9,
  "humidity": 19
},{
  "_id": {
    "$oid": "62464d04bc6d09e4e2e4b05a"
  },
  "index": 298,
  "cityname": "Roseville",
  "lat": 39.80729,
  "lon": -82.07125,
  "temperature": 9.5,
  "pressure": 986.7,
  "humidity": 78
},{
  "_id": {
    "$oid": "62464d04bc6d09e4e2e4b059"
  },
  "index": 259,
  "cityname": "Palm Bay",
  "lat": 28.03446,
  "lon": -80.58866,
  "temperature": 28,
  "pressure": 1011.5,
  "humidity": 78
},{
  "_id": {
    "$oid": "62464d04bc6d09e4e2e4b051"
  },
  "index": 245,
  "cityname": "Ocala",
  "lat": 29.1872,
  "lon": -82.14009,
  "temperature": 19.2,
  "pressure": 1009,
  "humidity": 94
},{
  "_id": {
    "$oid": "624652462f954cd3a4fce80d"
  },
  "index": 311,
  "cityname": "San Diego",
  "lat": 41.31,
  "lon": -81.94,
  "temperature": 5.6,
  "pressure": 29.59,
  "humidity": 73
},{
  "_id": {
    "$oid": "624652462f954cd3a4fce80e"
  },
  "index": 306,
  "cityname": "Salinas",
  "lat": 41.31,
  "lon": -81.94,
  "temperature": 5.6,
  "pressure": 29.59,
  "humidity": 73
},{
  "_id": {
    "$oid": "624652462f954cd3a4fce810"
  },
  "index": 322,
  "cityname": "Savannah",
  "lat": 41.31,
  "lon": -81.94,
  "temperature": 5.6,
  "pressure": 29.59,
  "humidity": 73
},{
  "_id": {
    "$oid": "624652462f954cd3a4fce811"
  },
  "index": 319,
  "cityname": "Santa Maria",
  "lat": 41.31,
  "lon": -81.94,
  "temperature": 6.1,
  "pressure": 29.56,
  "humidity": 68
},{
  "_id": {
    "$oid": "624652462f954cd3a4fce80f"
  },
  "index": 335,
  "cityname": "Spokane",
  "lat": 41.31,
  "lon": -81.94,
  "temperature": 5.6,
  "pressure": 29.59,
  "humidity": 73
},{
  "_id": {
    "$oid": "624652472f954cd3a4fce813"
  },
  "index": 334,
  "cityname": "Spartanburg",
  "lat": 41.31,
  "lon": -81.94,
  "temperature": 5.6,
  "pressure": 29.59,
  "humidity": 73
},{
  "_id": {
    "$oid": "624652472f954cd3a4fce814"
  },
  "index": 346,
  "cityname": "Tacoma",
  "lat": 41.31,
  "lon": -81.94,
  "temperature": 5.6,
  "pressure": 29.59,
  "humidity": 73
},{
  "_id": {
    "$oid": "624652472f954cd3a4fce815"
  },
  "index": 357,
  "cityname": "Tucson",
  "lat": 41.31,
  "lon": -81.94,
  "temperature": 5.6,
  "pressure": 29.59,
  "humidity": 73
},{
  "_id": {
    "$oid": "624652462f954cd3a4fce812"
  },
  "index": 314,
  "cityname": "Santa Ana",
  "lat": 41.31,
  "lon": -81.94,
  "temperature": 5.6,
  "pressure": 29.59,
  "humidity": 73
},{
  "_id": {
    "$oid": "624652472f954cd3a4fce817"
  },
  "index": 360,
  "cityname": "Tyler",
  "lat": 41.31,
  "lon": -81.94,
  "temperature": 5.6,
  "pressure": 29.59,
  "humidity": 73
},{
  "_id": {
    "$oid": "624652472f954cd3a4fce818"
  },
  "index": 312,
  "cityname": "San Francisco",
  "lat": 41.31,
  "lon": -81.94,
  "temperature": 6.1,
  "pressure": 29.56,
  "humidity": 68
},{
  "_id": {
    "$oid": "624652472f954cd3a4fce819"
  },
  "index": 336,
  "cityname": "Springdale",
  "lat": 41.31,
  "lon": -81.94,
  "temperature": 5.6,
  "pressure": 29.59,
  "humidity": 73
},{
  "_id": {
    "$oid": "624652472f954cd3a4fce816"
  },
  "index": 379,
  "cityname": "Winter Haven",
  "lat": 51.23,
  "lon": 5.53,
  "temperature": 1,
  "pressure": 29.56,
  "humidity": 93
},{
  "_id": {
    "$oid": "624652472f954cd3a4fce81c"
  },
  "index": 310,
  "cityname": "San Buenaventura",
  "lat": 41.31,
  "lon": -81.94,
  "temperature": 5.6,
  "pressure": 29.59,
  "humidity": 73
},{
  "_id": {
    "$oid": "624652472f954cd3a4fce81d"
  },
  "index": 313,
  "cityname": "San Jose",
  "lat": 41.31,
  "lon": -81.94,
  "temperature": 5.6,
  "pressure": 29.59,
  "humidity": 73
},{
  "_id": {
    "$oid": "624652472f954cd3a4fce81f"
  },
  "index": 361,
  "cityname": "Utica",
  "lat": 41.31,
  "lon": -81.94,
  "temperature": 5.6,
  "pressure": 29.59,
  "humidity": 73
},{
  "_id": {
    "$oid": "624652472f954cd3a4fce81e"
  },
  "index": 344,
  "cityname": "Sunnyvale",
  "lat": 41.31,
  "lon": -81.94,
  "temperature": 5.6,
  "pressure": 29.59,
  "humidity": 73
},{
  "_id": {
    "$oid": "624652472f954cd3a4fce820"
  },
  "index": 355,
  "cityname": "Torrance",
  "lat": 41.31,
  "lon": -81.94,
  "temperature": 5.6,
  "pressure": 29.59,
  "humidity": 73
},{
  "_id": {
    "$oid": "624652472f954cd3a4fce81b"
  },
  "index": 340,
  "cityname": "St. Petersburg",
  "lat": 41.31,
  "lon": -81.94,
  "temperature": 5.6,
  "pressure": 29.59,
  "humidity": 73
},{
  "_id": {
    "$oid": "624652472f954cd3a4fce822"
  },
  "index": 345,
  "cityname": "Syracuse",
  "lat": 41.31,
  "lon": -81.94,
  "temperature": 5.6,
  "pressure": 29.59,
  "humidity": 73
},{
  "_id": {
    "$oid": "624652472f954cd3a4fce823"
  },
  "index": 358,
  "cityname": "Tulsa",
  "lat": 41.31,
  "lon": -81.94,
  "temperature": 5.6,
  "pressure": 29.59,
  "humidity": 73
},{
  "_id": {
    "$oid": "624652472f954cd3a4fce826"
  },
  "index": 332,
  "cityname": "South Bend",
  "lat": 41.31,
  "lon": -81.94,
  "temperature": 5.6,
  "pressure": 29.59,
  "humidity": 73
},{
  "_id": {
    "$oid": "624652472f954cd3a4fce827"
  },
  "index": 341,
  "cityname": "Stamford",
  "lat": 41.31,
  "lon": -81.94,
  "temperature": 5.6,
  "pressure": 29.59,
  "humidity": 73
},{
  "_id": {
    "$oid": "624652472f954cd3a4fce821"
  },
  "index": 328,
  "cityname": "Shreveport",
  "lat": 41.31,
  "lon": -81.94,
  "temperature": 6.1,
  "pressure": 29.56,
  "humidity": 68
},{
  "_id": {
    "$oid": "624652482f954cd3a4fce829"
  },
  "index": 366,
  "cityname": "Virginia Beach",
  "lat": 41.31,
  "lon": -81.94,
  "temperature": 5.6,
  "pressure": 29.59,
  "humidity": 73
},{
  "_id": {
    "$oid": "624652482f954cd3a4fce82a"
  },
  "index": 384,
  "cityname": "Youngstown",
  "lat": 41.31,
  "lon": -81.94,
  "temperature": 5.6,
  "pressure": 29.59,
  "humidity": 73
},{
  "_id": {
    "$oid": "624652482f954cd3a4fce82c"
  },
  "index": 304,
  "cityname": "Saint Petersburg",
  "lat": 41.31,
  "lon": -81.94,
  "temperature": 5.6,
  "pressure": 29.59,
  "humidity": 73
},{
  "_id": {
    "$oid": "624652482f954cd3a4fce82b"
  },
  "index": 347,
  "cityname": "Tallahassee",
  "lat": 41.31,
  "lon": -81.94,
  "temperature": 6.1,
  "pressure": 29.56,
  "humidity": 68
},{
  "_id": {
    "$oid": "624652482f954cd3a4fce82e"
  },
  "index": 331,
  "cityname": "Sioux Falls",
  "lat": 15.4,
  "lon": -88.82,
  "temperature": 27.8,
  "pressure": 29.68,
  "humidity": 69
},{
  "_id": {
    "$oid": "624652482f954cd3a4fce82f"
  },
  "index": 368,
  "cityname": "Waco",
  "lat": 41.31,
  "lon": -81.94,
  "temperature": 5.6,
  "pressure": 29.59,
  "humidity": 73
},{
  "_id": {
    "$oid": "624652482f954cd3a4fce828"
  },
  "index": 363,
  "cityname": "Vancouver",
  "lat": 41.31,
  "lon": -81.94,
  "temperature": 5.6,
  "pressure": 29.59,
  "humidity": 73
},{
  "_id": {
    "$oid": "624652482f954cd3a4fce832"
  },
  "index": 367,
  "cityname": "Visalia",
  "lat": 41.31,
  "lon": -81.94,
  "temperature": 5.6,
  "pressure": 29.59,
  "humidity": 73
},{
  "_id": {
    "$oid": "624652482f954cd3a4fce837"
  },
  "index": 354,
  "cityname": "Topeka",
  "lat": 41.31,
  "lon": -81.94,
  "temperature": 5.6,
  "pressure": 29.59,
  "humidity": 73
},{
  "_id": {
    "$oid": "624652482f954cd3a4fce830"
  },
  "index": 308,
  "cityname": "San Antonio",
  "lat": 41.31,
  "lon": -81.94,
  "temperature": 5.6,
  "pressure": 29.59,
  "humidity": 73
},{
  "_id": {
    "$oid": "624652482f954cd3a4fce838"
  },
  "index": 378,
  "cityname": "Winston",
  "lat": 41.31,
  "lon": -81.94,
  "temperature": 5.6,
  "pressure": 29.59,
  "humidity": 73
},{
  "_id": {
    "$oid": "624652482f954cd3a4fce835"
  },
  "index": 380,
  "cityname": "Worcester",
  "lat": 41.31,
  "lon": -81.94,
  "temperature": 5.6,
  "pressure": 29.59,
  "humidity": 73
},{
  "_id": {
    "$oid": "624652482f954cd3a4fce83a"
  },
  "index": 369,
  "cityname": "Warren",
  "lat": 41.31,
  "lon": -81.94,
  "temperature": 5.6,
  "pressure": 29.59,
  "humidity": 73
},{
  "_id": {
    "$oid": "624652482f954cd3a4fce83b"
  },
  "index": 315,
  "cityname": "Santa Barbara",
  "lat": 41.31,
  "lon": -81.94,
  "temperature": 5.6,
  "pressure": 29.59,
  "humidity": 73
},{
  "_id": {
    "$oid": "624652482f954cd3a4fce840"
  },
  "index": 301,
  "cityname": "Saginaw",
  "lat": 41.31,
  "lon": -81.94,
  "temperature": 5.6,
  "pressure": 29.59,
  "humidity": 73
},{
  "_id": {
    "$oid": "624652482f954cd3a4fce83f"
  },
  "index": 309,
  "cityname": "San Bernardino",
  "lat": 41.31,
  "lon": -81.94,
  "temperature": 5.6,
  "pressure": 29.59,
  "humidity": 73
},{
  "_id": {
    "$oid": "624652482f954cd3a4fce842"
  },
  "index": 375,
  "cityname": "Westminster",
  "lat": 41.31,
  "lon": -81.94,
  "temperature": 5.6,
  "pressure": 29.59,
  "humidity": 73
},{
  "_id": {
    "$oid": "624652482f954cd3a4fce839"
  },
  "index": 329,
  "cityname": "Simi Valley",
  "lat": 12.02,
  "lon": -9.55,
  "temperature": 33.3,
  "pressure": 29.72,
  "humidity": 25
},{
  "_id": {
    "$oid": "624652482f954cd3a4fce844"
  },
  "index": 377,
  "cityname": "Wilmington",
  "lat": 41.31,
  "lon": -81.94,
  "temperature": 5.6,
  "pressure": 29.59,
  "humidity": 73
},{
  "_id": {
    "$oid": "624652482f954cd3a4fce847"
  },
  "index": 383,
  "cityname": "York",
  "lat": 41.31,
  "lon": -81.94,
  "temperature": 6.1,
  "pressure": 29.56,
  "humidity": 68
},{
  "_id": {
    "$oid": "624652482f954cd3a4fce846"
  },
  "index": 373,
  "cityname": "West Covina",
  "lat": 41.31,
  "lon": -81.94,
  "temperature": 5.6,
  "pressure": 29.59,
  "humidity": 73
},{
  "_id": {
    "$oid": "624652482f954cd3a4fce849"
  },
  "index": 350,
  "cityname": "Tempe",
  "lat": 41.31,
  "lon": -81.94,
  "temperature": 5.6,
  "pressure": 29.59,
  "humidity": 73
},{
  "_id": {
    "$oid": "624652482f954cd3a4fce848"
  },
  "index": 320,
  "cityname": "Santa Rosa",
  "lat": 41.31,
  "lon": -81.94,
  "temperature": 5.6,
  "pressure": 29.59,
  "humidity": 73
},{
  "_id": {
    "$oid": "624652482f954cd3a4fce84a"
  },
  "index": 317,
  "cityname": "Santa Clarita",
  "lat": 41.31,
  "lon": -81.94,
  "temperature": 5.6,
  "pressure": 29.59,
  "humidity": 73
},{
  "_id": {
    "$oid": "624652482f954cd3a4fce84b"
  },
  "index": 338,
  "cityname": "St. Louis",
  "lat": 41.31,
  "lon": -81.94,
  "temperature": 5.6,
  "pressure": 29.59,
  "humidity": 73
},{
  "_id": {
    "$oid": "624652482f954cd3a4fce84c"
  },
  "index": 302,
  "cityname": "Saint Louis",
  "lat": 41.31,
  "lon": -81.94,
  "temperature": 5.6,
  "pressure": 29.59,
  "humidity": 73
},{
  "_id": {
    "$oid": "624652482f954cd3a4fce84d"
  },
  "index": 362,
  "cityname": "Vallejo",
  "lat": 41.31,
  "lon": -81.94,
  "temperature": 5.6,
  "pressure": 29.59,
  "humidity": 73
},{
  "_id": {
    "$oid": "624652482f954cd3a4fce843"
  },
  "index": 364,
  "cityname": "Vero Beach",
  "lat": 42.05,
  "lon": 8.92,
  "temperature": 10.5,
  "pressure": 29.42,
  "humidity": 80
},{
  "_id": {
    "$oid": "624652482f954cd3a4fce84f"
  },
  "index": 327,
  "cityname": "Sebastian",
  "lat": 41.31,
  "lon": -81.94,
  "temperature": 5.6,
  "pressure": 29.59,
  "humidity": 73
},{
  "_id": {
    "$oid": "624652482f954cd3a4fce851"
  },
  "index": 348,
  "cityname": "Tampa",
  "lat": 41.31,
  "lon": -81.94,
  "temperature": 6.1,
  "pressure": 29.56,
  "humidity": 68
},{
  "_id": {
    "$oid": "624652482f954cd3a4fce852"
  },
  "index": 316,
  "cityname": "Santa Clara",
  "lat": 41.31,
  "lon": -81.94,
  "temperature": 5.6,
  "pressure": 29.59,
  "humidity": 73
},{
  "_id": {
    "$oid": "624652482f954cd3a4fce850"
  },
  "index": 371,
  "cityname": "Waterbury",
  "lat": 41.31,
  "lon": -81.94,
  "temperature": 6.1,
  "pressure": 29.56,
  "humidity": 68
},{
  "_id": {
    "$oid": "624652482f954cd3a4fce857"
  },
  "index": 372,
  "cityname": "Waterloo",
  "lat": 41.31,
  "lon": -81.94,
  "temperature": 5.6,
  "pressure": 29.59,
  "humidity": 73
},{
  "_id": {
    "$oid": "624652482f954cd3a4fce856"
  },
  "index": 343,
  "cityname": "Stockton",
  "lat": 41.31,
  "lon": -81.94,
  "temperature": 6.1,
  "pressure": 29.56,
  "humidity": 68
},{
  "_id": {
    "$oid": "624652482f954cd3a4fce854"
  },
  "index": 324,
  "cityname": "Scranton",
  "lat": 41.31,
  "lon": -81.94,
  "temperature": 5.6,
  "pressure": 29.59,
  "humidity": 73
},{
  "_id": {
    "$oid": "624652482f954cd3a4fce853"
  },
  "index": 321,
  "cityname": "Sarasota",
  "lat": 41.31,
  "lon": -81.94,
  "temperature": 5.6,
  "pressure": 29.59,
  "humidity": 73
},{
  "_id": {
    "$oid": "624652482f954cd3a4fce855"
  },
  "index": 305,
  "cityname": "Salem",
  "lat": 41.31,
  "lon": -81.94,
  "temperature": 5.6,
  "pressure": 29.59,
  "humidity": 73
},{
  "_id": {
    "$oid": "624652482f954cd3a4fce858"
  },
  "index": 342,
  "cityname": "Sterling Heights",
  "lat": 50.03,
  "lon": 1.4,
  "temperature": 3.2,
  "pressure": 29.77,
  "humidity": 65
},{
  "_id": {
    "$oid": "624652482f954cd3a4fce859"
  },
  "index": 307,
  "cityname": "Salt Lake City",
  "lat": -35.87,
  "lon": 137.68,
  "temperature": 18.4,
  "pressure": 30.36,
  "humidity": 49
},{
  "_id": {
    "$oid": "624652482f954cd3a4fce84e"
  },
  "index": 359,
  "cityname": "Tuscaloosa",
  "lat": 41.31,
  "lon": -81.94,
  "temperature": 5.6,
  "pressure": 29.59,
  "humidity": 73
},{
  "_id": {
    "$oid": "624652482f954cd3a4fce85a"
  },
  "index": 325,
  "cityname": "Seaside",
  "lat": 41.31,
  "lon": -81.94,
  "temperature": 5.6,
  "pressure": 29.59,
  "humidity": 73
},{
  "_id": {
    "$oid": "624652482f954cd3a4fce85b"
  },
  "index": 351,
  "cityname": "Thornton",
  "lat": 41.31,
  "lon": -81.94,
  "temperature": 5.6,
  "pressure": 29.59,
  "humidity": 73
},{
  "_id": {
    "$oid": "624652482f954cd3a4fce861"
  },
  "index": 370,
  "cityname": "Washington",
  "lat": 41.31,
  "lon": -81.94,
  "temperature": 6.1,
  "pressure": 29.56,
  "humidity": 68
},{
  "_id": {
    "$oid": "624652482f954cd3a4fce85d"
  },
  "index": 376,
  "cityname": "Wichita",
  "lat": 41.31,
  "lon": -81.94,
  "temperature": 5.6,
  "pressure": 29.59,
  "humidity": 73
},{
  "_id": {
    "$oid": "624652482f954cd3a4fce863"
  },
  "index": 323,
  "cityname": "Scottsdale",
  "lat": 41.31,
  "lon": -81.94,
  "temperature": 6.1,
  "pressure": 29.56,
  "humidity": 68
},{
  "_id": {
    "$oid": "624652482f954cd3a4fce864"
  },
  "index": 353,
  "cityname": "Toledo",
  "lat": 41.31,
  "lon": -81.94,
  "temperature": 5.6,
  "pressure": 29.59,
  "humidity": 73
},{
  "_id": {
    "$oid": "624652482f954cd3a4fce85f"
  },
  "index": 374,
  "cityname": "West Valley City",
  "lat": 41.31,
  "lon": -81.94,
  "temperature": 6.1,
  "pressure": 29.56,
  "humidity": 68
},{
  "_id": {
    "$oid": "624652482f954cd3a4fce866"
  },
  "index": 326,
  "cityname": "Seattle",
  "lat": 41.31,
  "lon": -81.94,
  "temperature": 6.1,
  "pressure": 29.56,
  "humidity": 68
},{
  "_id": {
    "$oid": "624652482f954cd3a4fce865"
  },
  "index": 337,
  "cityname": "Springfield",
  "lat": 41.31,
  "lon": -81.94,
  "temperature": 6.1,
  "pressure": 29.56,
  "humidity": 68
},{
  "_id": {
    "$oid": "624652482f954cd3a4fce862"
  },
  "index": 318,
  "cityname": "Santa Cruz",
  "lat": 41.31,
  "lon": -81.94,
  "temperature": 5.6,
  "pressure": 29.59,
  "humidity": 73
},{
  "_id": {
    "$oid": "624652482f954cd3a4fce860"
  },
  "index": 349,
  "cityname": "Temecula",
  "lat": 41.31,
  "lon": -81.94,
  "temperature": 5.6,
  "pressure": 29.59,
  "humidity": 73
},{
  "_id": {
    "$oid": "624652482f954cd3a4fce85e"
  },
  "index": 303,
  "cityname": "Saint Paul",
  "lat": 41.31,
  "lon": -81.94,
  "temperature": 6.1,
  "pressure": 29.56,
  "humidity": 68
},{
  "_id": {
    "$oid": "624652492f954cd3a4fce870"
  },
  "index": 352,
  "cityname": "Thousand Oaks",
  "lat": 13.05,
  "lon": 80.25,
  "temperature": 26.1,
  "pressure": 29.79,
  "humidity": 88
},{
  "_id": {
    "$oid": "624652482f954cd3a4fce86c"
  },
  "index": 365,
  "cityname": "Victorville",
  "lat": 41.31,
  "lon": -81.94,
  "temperature": 5.6,
  "pressure": 29.59,
  "humidity": 73
},{
  "_id": {
    "$oid": "624652482f954cd3a4fce86a"
  },
  "index": 339,
  "cityname": "St. Paul",
  "lat": 41.31,
  "lon": -81.94,
  "temperature": 5.6,
  "pressure": 29.59,
  "humidity": 73
},{
  "_id": {
    "$oid": "624652482f954cd3a4fce86b"
  },
  "index": 356,
  "cityname": "Trenton",
  "lat": 41.31,
  "lon": -81.94,
  "temperature": 5.6,
  "pressure": 29.59,
  "humidity": 73
},{
  "_id": {
    "$oid": "624652482f954cd3a4fce868"
  },
  "index": 382,
  "cityname": "Yonkers",
  "lat": 41.31,
  "lon": -81.94,
  "temperature": 5.6,
  "pressure": 29.59,
  "humidity": 73
},{
  "_id": {
    "$oid": "624652492f954cd3a4fce86d"
  },
  "index": 300,
  "cityname": "Sacramento",
  "lat": 41.31,
  "lon": -81.94,
  "temperature": 6.1,
  "pressure": 29.56,
  "humidity": 68
},{
  "_id": {
    "$oid": "624652482f954cd3a4fce869"
  },
  "index": 381,
  "cityname": "Yakima",
  "lat": 41.31,
  "lon": -81.94,
  "temperature": 5.6,
  "pressure": 29.59,
  "humidity": 73
},{
  "_id": {
    "$oid": "624652492f954cd3a4fce86f"
  },
  "index": 333,
  "cityname": "South Lyon",
  "lat": 41.31,
  "lon": -81.94,
  "temperature": 5.6,
  "pressure": 29.59,
  "humidity": 73
},{
  "_id": {
    "$oid": "624652482f954cd3a4fce867"
  },
  "index": 330,
  "cityname": "Sioux City",
  "lat": 15.4,
  "lon": -88.82,
  "temperature": 27.8,
  "pressure": 29.68,
  "humidity": 69
},{
  "_id": {
    "$oid": "624653539dadb736ce41d97a"
  },
  "index": 386,
  "cityname": "Fife",
  "lat": 41.31,
  "lon": -81.94,
  "temperature": 5.6,
  "pressure": 29.59,
  "humidity": 73
},{
  "_id": {
    "$oid": "624653539dadb736ce41d97b"
  },
  "index": 394,
  "cityname": "Isle of Wight",
  "lat": 50.67,
  "lon": -1.27,
  "temperature": 2.1,
  "pressure": 29.96,
  "humidity": 71
},{
  "_id": {
    "$oid": "624653539dadb736ce41d97c"
  },
  "index": 399,
  "cityname": "Lanarkshire",
  "lat": 41.31,
  "lon": -81.94,
  "temperature": 5.6,
  "pressure": 29.59,
  "humidity": 73
},{
  "_id": {
    "$oid": "624653539dadb736ce41d97d"
  },
  "index": 385,
  "cityname": "Essex",
  "lat": 41.31,
  "lon": -81.94,
  "temperature": 5.6,
  "pressure": 29.59,
  "humidity": 73
},{
  "_id": {
    "$oid": "624653539dadb736ce41d97e"
  },
  "index": 396,
  "cityname": "Kincardineshire",
  "lat": 41.31,
  "lon": -81.94,
  "temperature": 5.6,
  "pressure": 29.59,
  "humidity": 73
},{
  "_id": {
    "$oid": "624653539dadb736ce41d980"
  },
  "index": 395,
  "cityname": "Kent",
  "lat": 41.31,
  "lon": -81.94,
  "temperature": 5.6,
  "pressure": 29.59,
  "humidity": 73
},{
  "_id": {
    "$oid": "624653539dadb736ce41d97f"
  },
  "index": 397,
  "cityname": "Kinross-shire",
  "lat": 56.21,
  "lon": -3.43,
  "temperature": -1,
  "pressure": 30.18,
  "humidity": 80
},{
  "_id": {
    "$oid": "624653539dadb736ce41d982"
  },
  "index": 390,
  "cityname": "Hampshire",
  "lat": 41.31,
  "lon": -81.94,
  "temperature": 5.6,
  "pressure": 29.59,
  "humidity": 73
},{
  "_id": {
    "$oid": "624653539dadb736ce41d983"
  },
  "index": 387,
  "cityname": "Gloucestershire",
  "lat": 41.31,
  "lon": -81.94,
  "temperature": 5.6,
  "pressure": 29.59,
  "humidity": 73
},{
  "_id": {
    "$oid": "624653539dadb736ce41d981"
  },
  "index": 389,
  "cityname": "Gwynedd",
  "lat": 41.31,
  "lon": -81.94,
  "temperature": 5.6,
  "pressure": 29.59,
  "humidity": 73
},{
  "_id": {
    "$oid": "624653549dadb736ce41d985"
  },
  "index": 388,
  "cityname": "Gwent",
  "lat": 41.31,
  "lon": -81.94,
  "temperature": 5.6,
  "pressure": 29.59,
  "humidity": 73
},{
  "_id": {
    "$oid": "624653549dadb736ce41d986"
  },
  "index": 398,
  "cityname": "Kirkcudbrightshire",
  "lat": 41.31,
  "lon": -81.94,
  "temperature": 6.1,
  "pressure": 29.56,
  "humidity": 68
},{
  "_id": {
    "$oid": "624653549dadb736ce41d987"
  },
  "index": 393,
  "cityname": "Inverness-shire",
  "lat": 46.25,
  "lon": -71.52,
  "temperature": 2.5,
  "pressure": 29.44,
  "humidity": 100
},{
  "_id": {
    "$oid": "624653549dadb736ce41d984"
  },
  "index": 391,
  "cityname": "Herefordshire",
  "lat": 41.31,
  "lon": -81.94,
  "temperature": 5.6,
  "pressure": 29.59,
  "humidity": 73
},{
  "_id": {
    "$oid": "624653549dadb736ce41d988"
  },
  "index": 392,
  "cityname": "Hertfordshire",
  "lat": 41.31,
  "lon": -81.94,
  "temperature": 5.6,
  "pressure": 29.59,
  "humidity": 73
},{
  "_id": {
    "$oid": "62466e4f9e61256a91a628bb"
  },
  "index": 400,
  "cityname": "London2",
  "temperature": 285.81,
  "lon": 126.9778,
  "lat": 37.5683,
  "pressure": 1030,
  "humidity": 37
}]